date,player,team,game_id,opp_sp,slot,lu,hr_pct,hr_raw,fair,book_price,ev_pct,park,temp,plat,heat,edge_self,spot
2026-07-07,Kyle Schwarber,PHI,,Andrew Abbott,2,card,34.2,,+192,165,-9.3,park +25%,82F,LvL -22%,heat +12%,,
2026-07-07,Hunter Goodman,COL,,Justin Wrobleski,2,proj,31.5,,+218,285,21.2,park +5%,85F · wind out 5,RvL +12%,heat +18%,,
2026-07-07,Byron Buxton,MIN,,Joey Cantillo,3,proj,29.1,,+243,265,6.3,park -2%,83F,RvL +12%,heat +7%,,
2026-07-07,Bryce Harper,PHI,,Andrew Abbott,3,card,25.6,,+290,280,-2.6,park +25%,82F,LvL -22%,heat +16%,,
2026-07-07,Jordan Walker,STL,,Robert Gasser,4,proj,25.0,,+301,,,park -7%,87F · wind in 3,RvL +12%,heat +16%,,
2026-07-07,James Wood,WSN,,Tatsuya Imai,1,card,24.9,,+302,250,-12.9,park avg,82F,LvR +8%,heat +6%,,
2026-07-07,Shea Langeliers,ATH,,Tarik Skubal,3,card,23.0,,+335,360,5.7,park -5%,83F,RvL +12%,heat +7%,,
2026-07-07,JJ Bleday,CIN,,Zack Wheeler,3,card,22.9,,+336,325,-2.6,park +25%,82F,LvR +8%,heat -10%,,
2026-07-07,Ben Rice,NYM,,Seth Lugo,3,proj,22.6,,+343,440,21.9,park -4%,69F · wind in 7,LvR +8%,heat +10%,,
2026-07-07,Miguel Vargas,CHW,,Payton Tolle,1,card,22.6,,+343,340,-0.6,park +9%,no wx,RvL +12%,heat +12%,,
2026-07-07,Elly De La Cruz,CIN,,Zack Wheeler,1,card,22.4,,+347,335,-2.6,park +25%,82F,SvR +8%,heat -1%,,
2026-07-07,Zach Neto,LAA,,Jacob deGrom,1,card,22.2,,+350,400,11.2,park +2%,98F (roof: half),RvR -3%,heat -6%,,
2026-07-07,Willson Contreras,BOS,,Noah Schultz,4,card,22.2,,+350,350,-0.0,park +9%,no wx,RvL +12%,heat +7%,,
2026-07-07,Randal Grichuk,CHW,,Payton Tolle,2,card,22.0,,+354,380,5.6,park +9%,no wx,RvL +12%,heat -0%,,
2026-07-07,Sal Stewart,CIN,,Zack Wheeler,2,card,21.8,,+359,350,-2.0,park +25%,82F,RvR -3%,heat -0%,,
2026-07-07,Derek Hill,PHI,,Andrew Abbott,8,card,21.6,,+362,,,park +25%,82F,RvL +12%,heat -2%,,
2026-07-07,Ben Rice,NYY,,Ian Seymour,3,card,21.5,,+365,440,16.2,park -4% [low-conf],dome,LvL -22%,heat +12%,,
2026-07-07,Pete Alonso,BAL,,Matthew Boyd,4,card,21.4,,+366,330,-7.8,park +4% [low-conf],80F,RvL +12%,heat +11%,,
2026-07-07,Paul Goldschmidt,NYY,,Ian Seymour,2,card,21.3,,+369,400,6.6,park -4% [low-conf],dome,RvL +12%,heat +3%,,
2026-07-07,CJ Abrams,WSN,,Tatsuya Imai,4,card,21.1,,+375,410,7.4,park avg,82F,LvR +8%,heat -0%,,
2026-07-07,Matt Olson,ATL,,Paul Skenes,3,card,21.0,,+377,310,-14.1,park -9%,84F,LvR +8%,heat -5%,,
2026-07-07,Brandon Lowe,PIT,,Hurston Waldrep *,2,card,20.9,,+378,285,-19.5,park -9%,84F,LvR +8%,,,
2026-07-07,Joc Pederson,TEX,,José Soriano,1,card,20.7,,+383,390,1.4,park +2%,98F (roof: half),LvR +8%,heat -4%,,
2026-07-07,Jonah Heim,ATH,,Tarik Skubal,4,card,20.5,,+387,750,74.5,park -5%,83F,SvL +12%,heat +3%,,
2026-07-07,Colson Montgomery,CHW,,Payton Tolle,3,card,20.5,,+387,350,-7.6,park +9%,no wx,LvL -22%,heat +9%,,
2026-07-07,Junior Caminero,TBR,,Will Warren,3,card,20.5,,+387,285,-21.0,park -4% [low-conf],dome,RvR -3%,heat +2%,,
2026-07-07,Curtis Mead,WSN,,Tatsuya Imai,3,card,20.3,,+393,460,13.6,park avg,82F,RvR -3%,heat -3%,,
2026-07-07,Edmundo Sosa,PHI,,Andrew Abbott,5,card,20.0,,+401,460,11.9,park +25%,82F,RvL +12%,heat +3%,,
2026-07-07,Spencer Steer,CIN,,Zack Wheeler,6,card,19.8,,+405,,,park +25%,82F,RvR -3%,heat +3%,,
2026-07-07,Jake Bauers,MIL,,Hunter Dobbins,3,proj,19.6,,+409,,,park -7%,87F · wind in 3,LvR +8%,heat -4%,,
2026-07-07,Zack Gelof,ATH,,Tarik Skubal,1,card,19.4,,+415,575,31.2,park -5%,83F,RvL +12%,heat -2%,,
2026-07-07,Brooks Lee,MIN,,Joey Cantillo,2,proj,18.6,,+439,650,39.2,park -2%,83F,SvL +12%,heat +4%,,
2026-07-07,Max Schuemann,NYY,,Ian Seymour,8,card,12.8,,+679,900,28.4,park -4% [low-conf],dome,RvL +12%,,,
2026-07-07,Ali Sánchez,NYY,,Ian Seymour,9,card,11.9,,+738,1000,31.3,park -4% [low-conf],dome,RvL +12%,,,
2026-07-07,Wade Meckler,LAA,,Jacob deGrom,8,card,11.9,,+738,1000,31.3,park +2%,98F (roof: half),LvR +8%,,,
2026-07-07,Jacob Young,WSN,,Tatsuya Imai,9,card,11.7,,+754,1050,34.7,park avg,82F,RvR -3%,,,
2026-07-07,Mauricio Dubón,ATL,,Paul Skenes,5,card,11.5,,+767,1300,61.5,park -9%,84F,RvR -3%,,,
2026-07-08,Kyle Schwarber,PHI,,Chase Burns,2,card,37.7,,+166,210,16.8,park +25%,89F,LvR +8%,heat -2%,,
2026-07-08,Yordan Alvarez,HOU,,Foster Griffin,2,card,31.9,,+213,230,5.4,park avg,83F · wind out 4,LvL -22%,heat +4%,,
2026-07-08,Dillon Dingler,DET,,Jeffrey Springs,2,card,30.7,,+226,350,38.1,park -5%,88F · wind out 3,RvL +12%,heat -2%,,
2026-07-08,Juan Soto,NYM,,Steven Cruz,2,card,30.6,,+227,235,2.5,park -4%,80F · wind out 7,LvR +8%,heat +13%,,
2026-07-08,Bryce Harper,PHI,,Chase Burns,1,card,30.2,,+231,330,29.8,park +25%,89F,LvR +8%,heat +3%,,
2026-07-08,Hunter Goodman,COL,,Roki Sasaki,2,proj,28.9,,+246,225,-6.1,park +5%,no wx,RvR -3%,heat +6%,,
2026-07-08,Esmerlyn Valdez,PIT,,Grant Holmes,4,card,27.1,,+269,500,62.6,park -9%,86F · wind out 5,RvR -3%,,,
2026-07-08,Mike Trout,LAA,,MacKenzie Gore,2,card,26.6,,+276,,,park +2%,97F · wind out 6 (roof: half),RvL +12%,heat +2%,,
2026-07-08,James Wood,WSN,,Spencer Arrighetti,1,card,26.5,,+278,255,-6.0,park avg,83F · wind out 4,LvR +8%,heat -4%,,
2026-07-08,Elly De La Cruz,CIN,,Alan Rangel,1,card,26.3,,+281,270,-2.8,park +25%,89F,SvR +8%,heat +10%,,
2026-07-08,Christian Walker,HOU,,Foster Griffin,4,card,26.1,,+284,360,19.9,park avg,83F · wind out 4,RvL +12%,heat -0%,,
2026-07-08,Shea Langeliers,ATH,,Troy Melton,3,card,25.6,,+290,340,12.7,park -5%,88F · wind out 3,RvR -3%,heat +14%,,
2026-07-08,Spencer Torkelson,DET,,Jeffrey Springs,4,card,25.4,,+294,260,-8.5,park -5%,88F · wind out 3,RvL +12%,heat -2%,,
2026-07-08,Randal Grichuk,CHW,,Jake Bennett,2,card,24.9,,+301,350,12.2,park +9%,83F · wind in 5,RvL +12%,heat -4%,,
2026-07-08,Sal Stewart,CIN,,Alan Rangel,2,card,24.7,,+304,360,13.8,park +25%,89F,RvR -3%,heat -0%,,
2026-07-08,Miguel Vargas,CHW,,Jake Bennett,1,card,24.7,,+305,290,-3.6,park +9%,83F · wind in 5,RvL +12%,heat -1%,,
2026-07-08,Samuel Basallo,BAL,,Colin Rea,5,card,24.4,,+311,295,-3.8,park +4% [low-conf],83F · wind out 3,LvR +8%,heat +4%,,
2026-07-08,Matt Olson,ATL,,Jared Jones,3,card,24.3,,+312,275,-8.9,park -9%,86F · wind out 5,LvR +8%,heat -2%,,
2026-07-08,Nick Kurtz,ATH,,Troy Melton,2,card,24.3,,+311,215,-23.4,park -5%,88F · wind out 3,LvR +8%,heat +5%,,
2026-07-08,Brandon Marsh,PHI,,Chase Burns,3,card,24.2,,+314,380,16.0,park +25%,89F,LvR +8%,heat -7%,,
2026-07-08,Brandon Lowe,PIT,,Grant Holmes,2,card,23.9,,+318,325,1.8,park -9%,86F · wind out 5,LvR +8%,heat -3%,,
2026-07-08,Zach Neto,LAA,,MacKenzie Gore,1,card,23.7,,+322,380,13.7,park +2%,97F · wind out 6 (roof: half),RvL +12%,heat +12%,,
2026-07-08,Michael Harris II,ATL,,Jared Jones,1,card,23.5,,+326,440,26.8,park -9%,86F · wind out 5,LvR +8%,heat +2%,,
2026-07-08,Pete Crow-Armstrong,CHC,,Dean Kremer,1,card,23.4,,+328,270,-13.5,park +4% [low-conf],83F · wind out 3,LvR +8%,,,
2026-07-08,Pete Alonso,BAL,,Colin Rea,4,card,23.3,,+330,240,-20.9,park +4% [low-conf],83F · wind out 3,RvR -3%,heat +4%,,
2026-07-08,Jordan Walker,STL,,Kyle Harrison,3,card,23.2,,+331,410,18.4,park -7%,87F,RvL +12%,heat +10%,,
2026-07-08,Junior Caminero,TBR,,Gerrit Cole,3,card,22.7,,+340,250,-20.4,park -4% [low-conf],dome,RvR -3%,heat +8%,,
2026-07-08,JJ Bleday,CIN,,Alan Rangel,3,card,22.5,,+345,370,5.6,park +25%,89F,LvR +8%,heat -2%,,
2026-07-08,Kody Clemens,MIN,,Slade Cecconi,3,card,22.5,,+344,300,-10.0,park -2%,79F,LvR +8%,heat +1%,,
2026-07-08,Joc Pederson,TEX,,Walbert Ureña *,1,card,21.6,,+363,525,34.9,park +2%,97F · wind out 6 (roof: half),LvR +8%,heat -6%,,
2026-07-08,Cam Smith,HOU,,Foster Griffin,5,card,21.2,,+372,550,37.8,park avg,83F · wind out 4,RvL +12%,heat -1%,,
2026-07-08,Gabriel Rincones Jr.,PHI,,Chase Burns,6,card,19.6,,+410,600,37.3,park +25%,89F,LvR +8%,,,
2026-07-08,Jared Young,NYM,,Steven Cruz,7,card,19.0,,+427,600,32.7,park -4%,80F · wind out 7,LvR +8%,heat +2%,,
2026-07-08,A.J. Ewing,NYM,,Steven Cruz,1,card,16.3,,+513,750,38.7,park -4%,80F · wind out 7,LvR +8%,,,
2026-07-08,Max Schuemann,NYY,,Shane McClanahan,7,card,14.5,,+589,800,30.6,park -4% [low-conf],dome,RvL +12%,,,
2026-07-08,Alan Roden,MIN,,Slade Cecconi,8,card,12.9,,+676,1000,41.7,park -2%,79F,LvR +8%,,,
2026-07-08,Luisangel Acuña,CHW,,Jake Bennett,9,card,11.5,,+769,1150,43.9,park +9%,83F · wind in 5,RvL +12%,,,
2026-07-09,Kyle Schwarber,PHI,,Brady Singer,2,card,42.7,,+134,128,-2.6,park +25%,86F,LvR +8%,heat -4%,,
2026-07-09,Bryce Harper,PHI,,Brady Singer,3,card,33.8,,+196,250,18.2,park +25%,86F,LvR +8%,heat +3%,,
2026-07-09,Mike Trout,LAA,,Nathan Eovaldi,2,card,30.6,,+227,310,25.4,park +2%,100F (roof: half),RvR -3%,heat +11%,,
2026-07-09,Brandon Marsh,PHI,,Brady Singer,4,card,27.5,,+264,380,31.9,park +25%,86F,LvR +8%,heat -8%,,
2026-07-09,Juan Soto,NYM,,Michael Wacha,2,card,26.6,,+276,,,park -4%,74F · wind out 5,LvR +8%,heat +12%,,
2026-07-09,Ben Rice,NYY,,Drew Rasmussen,2,card,26.1,,+283,,,park -4% [low-conf],dome,LvR +8%,heat +11%,,
2026-07-09,Sal Stewart,CIN,,Jesús Luzardo,2,card,25.9,,+287,325,9.9,park +25%,86F,RvL +12%,heat +2%,,
2026-07-09,Zach Neto,LAA,,Nathan Eovaldi,1,card,25.5,,+292,510,55.8,park +2%,100F (roof: half),RvR -3%,heat +12%,,
2026-07-09,Elly De La Cruz,CIN,,Jesús Luzardo,1,card,24.7,,+305,400,23.3,park +25%,86F,SvL +12%,heat +3%,,
2026-07-09,Gabriel Rincones Jr.,PHI,,Brady Singer,7,card,24.0,,+317,375,13.8,park +25%,86F,LvR +8%,,,
2026-07-09,Matt Olson,ATL,,Mitch Keller,3,card,23.9,,+319,,,park -9%,83F,LvR +8%,heat +6%,,
2026-07-09,Pete Alonso,BAL,,David Peterson,4,card,23.3,,+330,,,park +4% [low-conf],76F,RvL +12%,heat +9%,,
2026-07-09,Esmerlyn Valdez,PIT,,Bryce Elder,4,card,23.1,,+333,,,park -9%,83F,RvR -3%,heat +1%,,
2026-07-09,Hunter Goodman,COL,,Carson Whisenhunt *,4,card,22.9,,+337,340,0.6,park -14%,66F · wind out 14,RvL +12%,,,
2026-07-09,Michael Harris II,ATL,,Mitch Keller,1,card,22.8,,+338,,,park -9%,83F,LvR +8%,heat +8%,,
2026-07-09,Miguel Vargas,CHW,,Patrick Sandoval *,3,card,22.8,,+338,,,park +9%,76F · wind in 7,RvL +12%,,,
2026-07-09,Shea Langeliers,ATH,,Framber Valdez,3,card,22.3,,+349,420,15.9,park -5%,80F,RvL +12%,heat +7%,,
2026-07-09,Spencer Steer,CIN,,Jesús Luzardo,4,card,21.7,,+361,460,21.4,park +25%,86F,RvL +12%,heat -0%,,
2026-07-09,Brandon Lowe,PIT,,Bryce Elder,2,card,21.7,,+361,,,park -9%,83F,LvR +8%,heat +4%,,
2026-07-09,Dominic Canzone,SEA,,Janson Junk,3,card,21.3,,+369,550,38.6,park -9%,86F · wind in 3 (roof: half),LvR +8%,heat +11%,,
2026-07-09,Drake Baldwin,ATL,,Mitch Keller,4,card,21.1,,+373,,,park -9%,83F,LvR +8%,heat +1%,,
2026-07-09,Kody Clemens,MIN,,Gavin Williams,3,card,21.1,,+374,,,park -2%,no wx,LvR +8%,heat +5%,,
2026-07-09,Justin Foscue,TEX,,Reid Detmers,1,card,20.9,,+378,550,35.9,park +2%,100F (roof: half),RvL +12%,heat +0%,,
2026-07-09,Jordan Walker,STL,,Logan Henderson,4,card,20.6,,+384,340,-9.2,park -7%,78F · wind out 4,RvR -3%,heat +16%,,
2026-07-09,Jorge Soler,LAA,,Nathan Eovaldi,4,card,19.8,,+404,550,29.0,park +2%,100F (roof: half),RvR -3%,heat +3%,,
2026-07-09,Ketel Marte,ARI,,Griffin Canning,1,card,19.4,,+415,320,-18.5,park -4%,71F · wind out 3,SvR +8%,heat -1%,,
2026-07-09,Bryson Stott,PHI,,Brady Singer,6,card,19.2,,+420,370,-9.6,park +25%,86F,LvR +8%,heat +1%,,
2026-07-09,Luke Raley,SEA,,Janson Junk,6,card,19.0,,+427,410,-3.2,park -9%,86F · wind in 3 (roof: half),LvR +8%,heat +10%,,
2026-07-09,Colson Montgomery,CHW,,Patrick Sandoval *,4,card,19.0,,+426,,,park +9%,76F · wind in 7,LvL -22%,,,
2026-07-09,Trea Turner,PHI,,Brady Singer,1,card,18.8,,+431,480,9.2,park +25%,86F,RvR -3%,heat -10%,,
2026-07-09,Josh Lowe,LAA,,Nathan Eovaldi,6,card,18.7,,+434,600,31.0,park +2%,100F (roof: half),LvR +8%,heat -5%,,
2026-07-09,Heliot Ramos,SFG,,Ryan Feltner,1,card,18.7,,+435,575,26.3,park -14%,66F · wind out 14,RvR -3%,heat +1%,,
2026-07-09,Victor Bericoto,SFG,,Ryan Feltner,7,card,18.2,,+450,750,54.5,park -14%,66F · wind out 14,RvR -3%,,,
2026-07-09,Bryan Torres,STL,,Logan Henderson,7,card,14.9,,+571,750,26.6,park -7%,78F · wind out 4,LvR +8%,,,
2026-07-09,Vaughn Grissom,LAA,,Nathan Eovaldi,5,card,13.6,,+635,1000,49.7,park +2%,100F (roof: half),RvR -3%,,,
2026-07-10,Sal Stewart,CIN,,Shota Imanaga,2,card,28.9,,+246,,,park +25%,82F,RvL +12%,heat +0%,,
2026-07-10,Elly De La Cruz,CIN,,Shota Imanaga,1,card,26.7,,+275,,,park +25%,82F,SvL +12%,heat +11%,,
2026-07-10,Yordan Alvarez,HOU,,Cal Quantrill,2,card,25.8,,+287,,,park +2%,96F (roof: half),LvR +8%,heat -7%,,
2026-07-10,Spencer Steer,CIN,,Shota Imanaga,3,card,24.3,,+311,,,park +25%,82F,RvL +12%,heat -1%,,
2026-07-10,Eugenio Suárez,CIN,,Shota Imanaga,5,card,23.5,,+325,,,park +25%,82F,RvL +12%,heat -2%,,
2026-07-10,Juan Soto,NYM,,Sonny Gray,2,card,22.1,,+353,,,park -4%,85F · wind out 3,LvR +8%,heat +0%,,
2026-07-10,Miguel Vargas,CHW,,Jacob Lopez,3,card,22.1,,+352,,,park +9%,74F,RvL +12%,heat +2%,,
2026-07-10,Pete Crow-Armstrong,CHC,,Hunter Greene *,1,card,22.1,,+353,,,park +25%,82F,LvR +8%,,,
2026-07-10,Munetaka Murakami,CHW,,Jacob Lopez,2,card,21.9,,+358,,,park +9%,74F,LvL -22%,heat +2%,,
2026-07-10,Colson Montgomery,CHW,,Jacob Lopez,4,card,21.6,,+364,,,park +9%,74F,LvL -22%,heat -2%,,
2026-07-10,Kyle Schwarber,PHI,,Jack Flaherty,2,card,21.5,,+366,,,park -5%,82F,LvR +8%,heat -4%,,
2026-07-10,Ben Rice,NYY,,Carson Palmquist *,2,card,21.2,,+372,,,park avg,77F,LvL -22%,,,
2026-07-10,JJ Bleday,CIN,,Shota Imanaga,4,card,21.2,,+372,,,park +25%,82F,LvL -22%,heat -3%,,
2026-07-10,Shea Langeliers,ATH,,Sean Burke,2,card,21.1,,+374,,,park +9%,74F,RvR -3%,heat +14%,,
2026-07-10,Noelvi Marte,CIN,,Shota Imanaga,7,card,20.8,,+381,,,park +25%,82F,RvL +12%,heat +3%,,
2026-07-10,Hunter Goodman,COL,,Robbie Ray,4,card,20.7,,+383,,,park -14%,62F · wind out 13,RvL +12%,heat +8%,,
2026-07-10,Ian Happ,CHC,,Hunter Greene *,5,card,20.7,,+383,,,park +25%,82F,SvR +8%,,,
2026-07-10,Dominic Canzone,SEA,,Nick Martinez,3,card,20.6,,+386,,,park -4% [low-conf],dome,LvR +8%,heat +11%,,
2026-07-10,Shohei Ohtani,LAD,,Eduardo Rodriguez *,1,card,20.6,,+385,,,park +5%,80F · wind out 6,LvL -22%,heat +5%,,
2026-07-10,Tyler Stephenson,CIN,,Shota Imanaga,6,card,20.6,,+386,,,park +25%,82F,RvL +12%,heat -2%,,
2026-07-10,Michael Conforto,CHC,,Hunter Greene *,7,card,20.5,,+387,,,park +25%,82F,LvR +8%,,,
2026-07-10,Seiya Suzuki,CHC,,Hunter Greene *,4,card,20.4,,+391,,,park +25%,82F,RvR -3%,,,
2026-07-10,Kerry Carpenter,DET,,Aaron Nola,5,card,20.3,,+392,,,park -5%,82F,LvR +8%,heat +0%,,
2026-07-10,Matt Olson,ATL,,Kyle Leahy,3,card,20.3,,+392,,,park -7%,87F,LvR +8%,heat +3%,,
2026-07-10,James Wood,WSN,,Ryan Weathers,1,card,20.2,,+394,,,park avg,77F,LvL -22%,heat +0%,,
2026-07-10,Nelson Velázquez,STL,,Chris Sale,4,card,20.2,,+395,,,park -7%,87F,RvL +12%,,,
2026-07-10,Paul Goldschmidt,NYY,,Carson Palmquist *,4,card,20.2,,+394,,,park avg,77F,RvL +12%,,,
2026-07-10,Amed Rosario,NYY,,Carson Palmquist *,1,card,20.1,,+397,,,park avg,77F,RvL +12%,,,
2026-07-10,Christian Walker,HOU,,Cal Quantrill,4,card,20.1,,+398,,,park +2%,96F (roof: half),RvR -3%,,,
2026-07-10,Ketel Marte,ARI,,Kyle Hurt,1,card,20.1,,+398,,,park +5%,80F · wind out 6,SvR +8%,heat +5%,,
2026-07-11,Yordan Alvarez,HOU,,Kumar Rocker,2,card,25.1,,+298,,,park +2%,95F (roof: half),LvR +8%,heat +2%,,
2026-07-11,Sal Stewart,CIN,,Javier Assad,2,card,24.9,,+302,,,park +25%,76F,RvR -3%,heat +1%,,
2026-07-11,Elly De La Cruz,CIN,,Javier Assad,1,card,24.2,,+314,,,park +25%,76F,SvR +8%,heat +10%,,
2026-07-11,Shohei Ohtani,LAD,,Brandon Pfaadt,1,card,23.0,,+335,,,park +5%,80F · wind out 7,LvR +8%,heat -3%,,
2026-07-11,JJ Bleday,CIN,,Javier Assad,3,card,22.2,,+350,,,park +25%,76F,LvR +8%,heat +6%,,
2026-07-11,Kody Clemens,MIN,,Ryan Johnson,4,card,21.7,,+361,,,park -2%,89F,LvR +8%,heat +0%,,
2026-07-11,Kyle Schwarber,PHI,,Casey Mize,2,card,21.5,,+366,,,park -5%,82F,LvR +8%,heat +6%,,
2026-07-11,Spencer Steer,CIN,,Javier Assad,4,card,21.3,,+369,,,park +25%,76F,RvR -3%,heat -1%,,
2026-07-11,Eugenio Suárez,CIN,,Javier Assad,6,card,21.1,,+375,,,park +25%,76F,RvR -3%,heat +5%,,
2026-07-11,Miguel Vargas,CHW,,Gage Jump,3,card,21.1,,+374,,,park +9%,no wx,RvL +12%,heat +4%,,
2026-07-11,Dominic Canzone,SEA,,Griffin Jax,3,card,21.0,,+375,,,park -4% [low-conf],dome,LvR +8%,heat -1%,,
2026-07-11,Seiya Suzuki,CHC,,Nick Lodolo,2,card,21.0,,+376,,,park +25%,76F,RvL +12%,heat +1%,,
2026-07-11,James Wood,WSN,,Cam Schlittler,1,card,20.9,,+379,,,park avg,86F · wind in 4,LvR +8%,heat +18%,,
2026-07-11,Max Muncy,LAD,,Brandon Pfaadt,5,card,20.9,,+379,,,park +5%,80F · wind out 7,LvR +8%,heat -9%,,
2026-07-11,Nathaniel Lowe,CIN,,Javier Assad,5,card,20.8,,+382,,,park +25%,76F,LvR +8%,heat +6%,,
2026-07-11,Mike Trout,LAA,,Joe Ryan,2,card,20.7,,+384,,,park -2%,89F,RvR -3%,heat +1%,,
2026-07-11,Munetaka Murakami,CHW,,Gage Jump,2,card,20.5,,+388,,,park +9%,no wx,LvL -22%,,,
2026-07-11,Paul Goldschmidt,NYY,,PJ Poulin,4,card,20.5,,+387,,,park avg,86F · wind in 4,RvL +12%,heat -4%,,
2026-07-11,Brandon Lowe,PIT,,Brandon Sproat,2,card,20.4,,+390,,,park -9%,81F,LvR +8%,heat +3%,,
2026-07-11,Hunter Goodman,COL,,Tyler Mahle,3,card,20.4,,+391,,,park -14%,66F · wind out 13,RvR -3%,heat -7%,,
2026-07-11,Ketel Marte,ARI,,Yoshinobu Yamamoto,1,card,20.4,,+391,,,park +5%,80F · wind out 7,SvR +8%,heat +7%,,
2026-07-11,Colson Montgomery,CHW,,Gage Jump,4,card,20.3,,+393,,,park +9%,no wx,LvL -22%,,,
2026-07-11,Pete Crow-Armstrong,CHC,,Nick Lodolo,1,card,20.3,,+392,,,park +25%,76F,LvL -22%,heat +5%,,
2026-07-11,Shea Langeliers,ATH,,Bryan Hudson,3,card,20.3,,+392,,,park +9%,no wx,RvL +12%,heat +16%,,
2026-07-11,Ian Happ,CHC,,Nick Lodolo,7,card,20.2,,+395,,,park +25%,76F,SvL +12%,heat -6%,,
2026-07-11,Casey Schmitt,SFG,,Kyle Freeland,3,card,20.1,,+396,,,park -14%,66F · wind out 13,RvL +12%,heat +3%,,
2026-07-11,Mickey Moniak,COL,,Tyler Mahle,2,card,20.1,,+397,,,park -14%,66F · wind out 13,LvR +8%,heat -4%,,
2026-07-11,Juan Soto,NYM,,Eduardo Rivera *,2,card,20.0,,+399,,,park -4%,80F,LvL -22%,,,
2026-07-11,Heliot Ramos,SFG,,Kyle Freeland,1,card,19.9,,+403,,,park -14%,66F · wind out 13,RvL +12%,heat -2%,,
2026-07-11,Josh Bell,MIN,,Ryan Johnson,3,card,19.8,,+404,,,park -2%,89F,SvR +8%,heat +2%,,
2026-07-12,Sal Stewart,CIN,,Matthew Boyd,2,card,24.3,,+312,,,park +25%,82F,RvL +12%,heat +3%,,
2026-07-12,Munetaka Murakami,CHW,,J.T. Ginn,2,card,22.9,,+337,,,park +9%,80F,LvR +8%,heat -5%,,
2026-07-12,Elly De La Cruz,CIN,,Matthew Boyd,1,card,22.8,,+339,,,park +25%,82F,SvL +12%,heat +15%,,
2026-07-12,Colson Montgomery,CHW,,J.T. Ginn,4,card,22.4,,+346,,,park +9%,80F,LvR +8%,heat -7%,,
2026-07-12,James Wood,WSN,,Will Warren,1,card,21.8,,+359,,,park avg,82F,LvR +8%,heat +3%,,
2026-07-12,Yordan Alvarez,HOU,,MacKenzie Gore,2,card,21.6,,+363,,,park +2%,95F · wind in 3 (roof: half),LvL -22%,heat +2%,,
2026-07-12,Seiya Suzuki,CHC,,Andrew Abbott,2,card,21.5,,+365,,,park +25%,82F,RvL +12%,heat -0%,,
2026-07-12,Mike Trout,LAA,,Taj Bradley,2,card,21.3,,+369,,,park -2%,90F · wind out 3,RvR -3%,heat -3%,,
2026-07-12,Spencer Steer,CIN,,Matthew Boyd,3,card,21.2,,+371,,,park +25%,82F,RvL +12%,heat -1%,,
2026-07-12,Esmerlyn Valdez,PIT,,Robert Gasser,4,card,21.1,,+373,,,park -9%,80F · wind in 7,RvL +12%,heat +11%,,
2026-07-12,Eugenio Suárez,CIN,,Matthew Boyd,5,card,21.1,,+374,,,park +25%,82F,RvL +12%,heat -1%,,
2026-07-12,Miguel Vargas,CHW,,J.T. Ginn,3,card,20.9,,+377,,,park +9%,80F,RvR -3%,heat -2%,,
2026-07-12,Kyle Schwarber,PHI,,Tarik Skubal,2,card,20.8,,+382,,,park -5%,82F,LvL -22%,,,
2026-07-12,Pete Crow-Armstrong,CHC,,Andrew Abbott,1,card,20.8,,+380,,,park +25%,82F,LvL -22%,heat +8%,,
2026-07-12,Ian Happ,CHC,,Andrew Abbott,7,card,20.7,,+383,,,park +25%,82F,SvL +12%,heat -9%,,
2026-07-12,Ketel Marte,ARI,,Emmet Sheehan,1,card,20.6,,+385,,,park +5%,71F · wind out 4,SvR +8%,heat +6%,,
2026-07-12,Pete Alonso,BAL,,Seth Lugo,4,card,20.6,,+385,,,park +4% [low-conf],83F,RvR -3%,heat +12%,,
2026-07-12,Kody Clemens,MIN,,José Soriano,4,card,20.4,,+391,,,park -2%,90F · wind out 3,LvR +8%,heat -8%,,
2026-07-12,Samuel Basallo,BAL,,Seth Lugo,5,card,20.1,,+397,,,park +4% [low-conf],83F,LvR +8%,heat +13%,,
2026-07-12,Christian Walker,HOU,,MacKenzie Gore,4,card,20.0,,+400,,,park +2%,95F · wind in 3 (roof: half),RvL +12%,heat +6%,,
2026-07-12,Juan Soto,NYM,,Payton Tolle,2,card,19.9,,+403,,,park -4%,78F,LvL -22%,heat +16%,,
2026-07-12,Jose Siri,LAA,,Taj Bradley,4,card,19.8,,+404,,,park -2%,90F · wind out 3,RvR -3%,heat +2%,,
2026-07-12,Dansby Swanson,CHC,,Andrew Abbott,8,card,19.7,,+408,,,park +25%,82F,RvL +12%,heat -6%,,
2026-07-12,Junior Caminero,TBR,,Emerson Hancock,3,card,19.6,,+411,,,park -4% [low-conf],dome,RvR -3%,heat +9%,,
2026-07-12,Shohei Ohtani,LAD,,Mitch Bratt *,1,card,19.6,,+411,,,park +5%,71F · wind out 4,LvL -22%,,,
2026-07-12,Hunter Goodman,COL,,Trevor McDonald,3,card,19.5,,+413,,,park -14%,72F · wind out 12,RvR -3%,heat +3%,,
2026-07-12,Ryan Jeffers,MIN,,José Soriano,2,card,19.5,,+413,,,park -2%,90F · wind out 3,RvR -3%,heat -2%,,
2026-07-12,Zach Neto,LAA,,Taj Bradley,1,card,19.5,,+412,,,park -2%,90F · wind out 3,RvR -3%,heat +8%,,
2026-07-12,Jordan Walker,STL,,Danny Young *,3,card,19.4,,+416,,,park -7%,86F · wind in 5,RvL +12%,,,
2026-07-12,JJ Bleday,CIN,,Matthew Boyd,4,card,19.3,,+417,,,park +25%,82F,LvL -22%,heat +1%,,
2026-07-14,Junior Caminero,American League All-Stars,,Cristopher Sánchez *,4,card,24.8,,+303,,,park +9%,85F · wind out 7,RvL +12%,heat +5%,,
2026-07-14,Mike Trout,American League All-Stars,,Cristopher Sánchez *,1,card,24.1,,+315,,,park +9%,85F · wind out 7,RvL +12%,heat +12%,,
2026-07-14,Yordan Alvarez,American League All-Stars,,Cristopher Sánchez *,2,card,23.9,,+319,,,park +9%,85F · wind out 7,LvL -22%,heat +18%,,
2026-07-14,Shea Langeliers,American League All-Stars,,Cristopher Sánchez *,3,card,23.1,,+333,,,park +9%,85F · wind out 7,RvL +12%,heat -4%,,
2026-07-14,Kyle Schwarber,National League All-Stars,,Dylan Cease,1,card,22.5,,+344,,,park +9%,85F · wind out 7,LvR +8%,heat -3%,,
2026-07-14,Juan Soto,National League All-Stars,,Dylan Cease,2,card,21.5,,+366,,,park +9%,85F · wind out 7,LvR +8%,heat +5%,,
2026-07-14,Ben Rice,American League All-Stars,,Cristopher Sánchez *,7,card,21.1,,+374,,,park +9%,85F · wind out 7,LvL -22%,heat +3%,,
2026-07-14,Bobby Witt Jr.,American League All-Stars,,Cristopher Sánchez *,5,card,19.3,,+419,,,park +9%,85F · wind out 7,RvL +12%,heat +12%,,
2026-07-14,Max Muncy,National League All-Stars,,Dylan Cease,5,card,18.8,,+433,,,park +9%,85F · wind out 7,LvR +8%,heat -8%,,
2026-07-14,Drake Baldwin,National League All-Stars,,Dylan Cease,9,card,16.9,,+491,,,park +9%,85F · wind out 7,LvR +8%,heat -5%,,
2026-07-14,CJ Abrams,National League All-Stars,,Dylan Cease,4,card,16.2,,+519,,,park +9%,85F · wind out 7,LvR +8%,heat -3%,,
2026-07-14,Freddie Freeman,National League All-Stars,,Dylan Cease,3,card,15.6,,+541,,,park +9%,85F · wind out 7,LvR +8%,heat +2%,,
2026-07-14,Riley Greene,American League All-Stars,,Cristopher Sánchez *,8,card,15.3,,+555,,,park +9%,85F · wind out 7,LvL -22%,heat +7%,,
2026-07-14,Brandon Marsh,National League All-Stars,,Dylan Cease,7,card,13.2,,+655,,,park +9%,85F · wind out 7,LvR +8%,heat -6%,,
2026-07-14,Andy Pages,National League All-Stars,,Dylan Cease,8,card,12.6,,+692,,,park +9%,85F · wind out 7,RvR -3%,heat -11%,,
2026-07-14,Cody Bellinger,American League All-Stars,,Cristopher Sánchez *,6,card,12.0,,+735,,,park +9%,85F · wind out 7,LvL -22%,heat +9%,,
2026-07-14,Ozzie Albies,National League All-Stars,,Dylan Cease,6,card,10.9,,+814,,,park +9%,85F · wind out 7,SvR +8%,heat -2%,,
2026-07-14,Ernie Clement,American League All-Stars,,Cristopher Sánchez *,9,card,9.2,,+984,,,park +9%,85F · wind out 7,RvL +12%,heat -3%,,
2026-07-16,Juan Soto,NYM,,Aaron Nola,2,card,26.0,,+284,,,park +9%,92F · wind in 3,LvR +8%,heat -3%,,
2026-07-16,Kyle Schwarber,PHI,,Christian Scott,2,card,24.1,,+315,,,park +9%,92F · wind in 3,LvR +8%,heat +0%,,
2026-07-16,Bryce Harper,PHI,,Christian Scott,3,card,20.1,,+398,,,park +9%,92F · wind in 3,LvR +8%,heat +11%,,
2026-07-16,Francisco Alvarez,NYM,,Aaron Nola,9,card,20.1,,+397,,,park +9%,92F · wind in 3,RvR -3%,heat -5%,,
2026-07-16,Francisco Lindor,NYM,,Aaron Nola,4,card,19.1,,+425,,,park +9%,92F · wind in 3,SvR +8%,heat -8%,,
2026-07-16,Jared Young,NYM,,Aaron Nola,7,card,16.9,,+490,,,park +9%,92F · wind in 3,LvR +8%,heat -3%,,
2026-07-16,Brandon Marsh,PHI,,Christian Scott,4,card,15.6,,+542,,,park +9%,92F · wind in 3,LvR +8%,heat -4%,,
2026-07-16,A.J. Ewing,NYM,,Aaron Nola,1,card,15.5,,+545,,,park +9%,92F · wind in 3,LvR +8%,heat -1%,,
2026-07-16,Carson Benge,NYM,,Aaron Nola,5,card,14.4,,+595,,,park +9%,92F · wind in 3,LvR +8%,heat -7%,,
2026-07-16,Bo Bichette,NYM,,Aaron Nola,3,card,13.4,,+648,,,park +9%,92F · wind in 3,RvR -3%,heat -15%,,
2026-07-16,Jorge Polanco,NYM,,Aaron Nola,6,card,13.2,,+660,,,park +9%,92F · wind in 3,SvR +8%,heat -5%,,
2026-07-16,Gabriel Rincones Jr.,PHI,,Christian Scott,8,card,12.3,,+716,,,park +9%,92F · wind in 3,LvR +8%,,,
2026-07-16,Brett Baty,NYM,,Aaron Nola,8,card,11.8,,+745,,,park +9%,92F · wind in 3,LvR +8%,heat -10%,,
2026-07-16,Trea Turner,PHI,,Christian Scott,1,card,11.5,,+770,,,park +9%,92F · wind in 3,RvR -3%,heat +2%,,
2026-07-16,Alec Bohm,PHI,,Christian Scott,5,card,11.0,,+813,,,park +9%,92F · wind in 3,RvR -3%,heat -2%,,
2026-07-16,Bryson Stott,PHI,,Christian Scott,6,card,10.7,,+838,,,park +9%,92F · wind in 3,LvR +8%,heat +4%,,
2026-07-16,J.T. Realmuto,PHI,,Christian Scott,7,card,10.3,,+873,,,park +9%,92F · wind in 3,RvR -3%,heat -2%,,
2026-07-16,Justin Crawford,PHI,,Christian Scott,9,card,4.6,,+2084,,,park +9%,92F · wind in 3,LvR +8%,heat -2%,,
2026-07-17,Ben Rice,NYY,,Roki Sasaki,2,card,28.2,,+254,,,park +14%,86F · wind out 4,LvR +8%,heat -3%,,
2026-07-17,Yordan Alvarez,HOU,,Dean Kremer,2,card,27.9,,+259,,,park +3%,87F · wind out 4 (roof: half),LvR +8%,heat -5%,,
2026-07-17,Hunter Goodman,COL,,Brady Singer,3,card,27.5,,+263,,,park +9%,93F,RvR -3%,heat -6%,,
2026-07-17,Mickey Moniak,COL,,Brady Singer,2,card,26.5,,+278,,,park +9%,93F,LvR +8%,heat -1%,,
2026-07-17,Shohei Ohtani,LAD,,Gerrit Cole,1,card,26.0,,+285,,,park +14%,86F · wind out 4,LvR +8%,heat +0%,,
2026-07-17,James Wood,WSN,,Gage Jump,1,card,22.6,,+342,,,park +6% [low-conf],92F · wind out 5,LvL -22%,,,
2026-07-17,Shea Langeliers,ATH,,Cade Cavalli,4,card,22.4,,+347,,,park +6% [low-conf],92F · wind out 5,RvR -3%,heat +7%,,
2026-07-17,Matt Olson,ATL,,Cal Quantrill,3,card,22.0,,+355,,,park +4%,75F,LvR +8%,heat -4%,,
2026-07-17,Max Muncy,LAD,,Gerrit Cole,5,card,21.8,,+360,,,park +14%,86F · wind out 4,LvR +8%,heat -1%,,
2026-07-17,Junior Caminero,TBR,,Eduardo Rivera *,3,card,21.7,,+360,,,park -7%,82F · wind out 5,RvL +12%,,,
2026-07-17,Junior Caminero,TBR,,Jake Bennett,3,card,21.5,,+366,,,park -7%,82F · wind out 5,RvL +12%,heat +12%,,
2026-07-17,Kody Clemens,MIN,,Colin Rea,4,card,21.5,,+365,,,park avg,85F,LvR +8%,heat -3%,,
2026-07-17,Mike Trout,LAA,,Troy Melton,2,card,21.5,,+366,,,park +4%,82F · wind out 6,RvR -3%,,,
2026-07-17,Paul Goldschmidt,NYY,,Roki Sasaki,3,card,21.5,,+364,,,park +14%,86F · wind out 4,RvR -3%,heat -1%,,
2026-07-17,Drake Baldwin,ATL,,Cal Quantrill,1,card,21.3,,+369,,,park +4%,75F,LvR +8%,heat -12%,,
2026-07-17,Trent Grisham,NYY,,Roki Sasaki,1,card,21.3,,+370,,,park +14%,86F · wind out 4,LvR +8%,heat -10%,,
2026-07-17,Curtis Mead,WSN,,Gage Jump,2,card,21.2,,+372,,,park +6% [low-conf],92F · wind out 5,RvL +12%,heat +0%,,
2026-07-17,Sal Stewart,CIN,,Gabriel Hughes *,2,card,21.2,,+372,,,park +9%,93F,RvR -3%,,,
2026-07-17,Elly De La Cruz,CIN,,Gabriel Hughes *,1,card,21.0,,+376,,,park +9%,93F,SvR +8%,,,
2026-07-17,Pete Crow-Armstrong,CHC,,Bailey Ober,1,card,20.9,,+379,,,park avg,85F,LvR +8%,heat +2%,,
2026-07-17,Ryan Jeffers,MIN,,Colin Rea,2,card,20.9,,+380,,,park avg,85F,RvR -3%,heat -0%,,
2026-07-17,Esmerlyn Valdez,PIT,,Gavin Williams,8,proj,20.7,,+383,,,park -3%,81F · wind in 4,RvR -3%,heat -1%,,
2026-07-17,Jordan Walker,STL,,Merrill Kelly,4,card,20.7,,+384,,,park +4%,93F (roof: half),RvR -3%,heat -8%,,
2026-07-17,Michael Harris II,ATL,,Cal Quantrill,4,card,20.7,,+384,,,park +4%,75F,LvR +8%,heat +4%,,
2026-07-17,JJ Bleday,CIN,,Gabriel Hughes *,3,card,20.6,,+385,,,park +9%,93F,LvR +8%,,,
2026-07-17,Christian Walker,HOU,,Dean Kremer,4,card,20.5,,+388,,,park +3%,87F · wind out 4 (roof: half),RvR -3%,heat +4%,,
2026-07-17,Brandon Lowe,PIT,,Gavin Williams,2,proj,20.4,,+391,,,park -3%,81F · wind in 4,LvR +8%,heat +12%,,
2026-07-17,Tyler Soderstrom,ATH,,Cade Cavalli,3,card,20.4,,+391,,,park +6% [low-conf],92F · wind out 5,LvR +8%,heat +2%,,
2026-07-17,Willson Contreras,BOS,,Mason Englert,4,card,20.4,,+391,,,park -7%,82F · wind out 5,RvR -3%,heat +10%,,
2026-07-17,Dillon Dingler,DET,,Reid Detmers,3,card,20.2,,+394,,,park +4%,82F · wind out 6,RvL +12%,heat +11%,,
2026-07-18,Shea Langeliers,ATH,,Zack Littell,3,card,29.5,,+239,,,park +6% [low-conf],92F · wind out 3,RvR -3%,heat +7%,,
2026-07-18,James Wood,WSN,,J.T. Ginn,1,card,27.2,,+268,,,park +6% [low-conf],92F · wind out 3,LvR +8%,heat -3%,,
2026-07-18,Ben Rice,NYY,,Emmet Sheehan,2,proj,24.3,,+312,,,park +14%,75F,LvR +8%,heat +10%,,
2026-07-18,Tyler Soderstrom,ATH,,Zack Littell,2,card,24.1,,+314,,,park +6% [low-conf],92F · wind out 3,LvR +8%,heat -1%,,
2026-07-18,Mickey Moniak,COL,,Rhett Lowder,2,card,22.9,,+336,,,park +9%,95F,LvR +8%,heat +2%,,
2026-07-18,Sal Stewart,CIN,,Tomoyuki Sugano,2,card,22.4,,+346,,,park +9%,95F,RvR -3%,heat +1%,,
2026-07-18,Elly De La Cruz,CIN,,Tomoyuki Sugano,1,card,22.2,,+351,,,park +9%,95F,SvR +8%,heat -5%,,
2026-07-18,Mike Trout,LAA,,Tarik Skubal,2,card,22.1,,+353,,,park +4%,85F · wind out 6,RvL +12%,heat -2%,,
2026-07-18,Kyle Schwarber,PHI,,Sean Manaea,2,card,22.0,,+355,,,park +9%,79F · wind out 7,LvL -22%,heat +8%,,
2026-07-18,JJ Bleday,CIN,,Tomoyuki Sugano,3,card,21.6,,+362,,,park +9%,95F,LvR +8%,heat -4%,,
2026-07-18,Esmerlyn Valdez,PIT,,Logan Allen *,4,card,21.5,,+364,,,park -3%,81F · wind in 6,RvL +12%,,,
2026-07-18,Junior Caminero,TBR,,Patrick Sandoval *,3,card,21.5,,+365,,,park -7%,69F · wind out 12,RvL +12%,,,
2026-07-18,Yordan Alvarez,HOU,,Trevor Rogers,2,card,21.3,,+369,,,park +3%,87F · wind out 4 (roof: half),LvL -22%,heat +5%,,
2026-07-18,Esmerlyn Valdez,PIT,,Gavin Williams,4,card,21.1,,+373,,,park -3%,81F · wind in 6,RvR -3%,heat -1%,,
2026-07-18,Eugenio Suárez,CIN,,Tomoyuki Sugano,5,card,21.1,,+375,,,park +9%,95F,RvR -3%,,,
2026-07-18,Shohei Ohtani,LAD,,Ryan Weathers,3,proj,21.1,,+373,,,park +14%,75F,LvL -22%,heat +6%,,
2026-07-18,Matt Olson,ATL,,MacKenzie Gore,3,card,21.0,,+376,,,park +4%,89F · wind out 6,LvL -22%,heat +3%,,
2026-07-18,CJ Abrams,WSN,,J.T. Ginn,4,card,20.9,,+378,,,park +6% [low-conf],92F · wind out 3,LvR +8%,heat -7%,,
2026-07-18,Carlos Cortes,ATH,,Zack Littell,4,card,20.7,,+382,,,park +6% [low-conf],92F · wind out 3,LvR +8%,heat +6%,,
2026-07-18,Munetaka Murakami,CHW,,Shane Bieber,2,card,20.7,,+382,,,park +3% [low-conf],73F (roof: half),LvR +8%,heat -4%,,
2026-07-18,Colson Montgomery,CHW,,Shane Bieber,4,card,20.6,,+386,,,park +3% [low-conf],73F (roof: half),LvR +8%,heat -8%,,
2026-07-18,Drake Baldwin,ATL,,MacKenzie Gore,1,card,20.6,,+386,,,park +4%,89F · wind out 6,LvL -22%,heat +9%,,
2026-07-18,Kerry Carpenter,DET,,Grayson Rodriguez,6,card,20.6,,+386,,,park +4%,85F · wind out 6,LvR +8%,heat +2%,,
2026-07-18,Luis García Jr.,WSN,,J.T. Ginn,2,card,20.5,,+388,,,park +6% [low-conf],92F · wind out 3,LvR +8%,heat +1%,,
2026-07-18,Spencer Steer,CIN,,Tomoyuki Sugano,4,card,20.5,,+388,,,park +9%,95F,RvR -3%,heat -7%,,
2026-07-18,Zach Neto,LAA,,Tarik Skubal,1,card,20.5,,+388,,,park +4%,85F · wind out 6,RvL +12%,heat +8%,,
2026-07-18,Willson Contreras,BOS,,Ian Seymour,4,card,20.4,,+389,,,park -7%,69F · wind out 12,RvL +12%,heat +7%,,
2026-07-18,Dillon Dingler,DET,,Grayson Rodriguez,2,card,20.1,,+397,,,park +4%,85F · wind out 6,RvR -3%,heat -0%,,
2026-07-18,Jose Siri,LAA,,Tarik Skubal,8,card,20.1,,+397,,,park +4%,85F · wind out 6,RvL +12%,heat +2%,,
2026-07-18,Juan Soto,NYM,,Jesús Luzardo,2,card,19.9,,+402,,,park +9%,79F · wind out 7,LvL -22%,heat -3%,,
2026-07-19,Shea Langeliers,ATH,,Foster Griffin,3,card,26.7,,+275,,,park +6% [low-conf],90F,RvL +12%,heat +3%,,
2026-07-19,James Wood,WSN,,Jacob Lopez,1,card,24.2,,+313,,,park +6% [low-conf],90F,LvL -22%,heat +3%,,
2026-07-19,Ben Rice,NYY,,Yoshinobu Yamamoto,2,proj,24.0,,+317,,,park +14%,82F · wind out 6,LvR +8%,heat +1%,,
2026-07-19,Hunter Goodman,COL,,Hunter Greene,3,card,23.5,,+326,,,park +9%,99F,RvR -3%,,,
2026-07-19,Yordan Alvarez,HOU,,Brandon Young,2,card,22.9,,+338,,,park +3%,92F (roof: half),LvR +8%,heat -3%,,
2026-07-19,Shohei Ohtani,LAD,,TBD *,3,proj,22.8,,+338,,,park +14%,82F · wind out 6,,,,
2026-07-19,Shohei Ohtani,LAD,,Cam Schlittler,3,proj,22.6,,+342,,,park +14%,82F · wind out 6,LvR +8%,heat +3%,,
2026-07-19,Kyle Schwarber,PHI,,Nolan McLean,2,card,22.5,,+344,,,park +9%,82F,LvR +8%,heat +2%,,
2026-07-19,Ben Rice,NYY,,Will Klein,2,proj,22.4,,+346,,,park +14%,82F · wind out 6,LvR +8%,heat +11%,,
2026-07-19,Mickey Moniak,COL,,Hunter Greene,2,card,22.3,,+349,,,park +9%,99F,LvR +8%,,,
2026-07-19,Elly De La Cruz,CIN,,Ryan Feltner,1,card,22.1,,+353,,,park +9%,99F,SvR +8%,heat +10%,,
2026-07-19,Juan Soto,NYM,,Alan Rangel,2,card,22.1,,+352,,,park +9%,82F,LvR +8%,heat +5%,,
2026-07-19,Matt Olson,ATL,,Nathan Eovaldi,3,card,22.1,,+353,,,park +4%,86F · wind in 11,LvR +8%,heat -3%,,
2026-07-19,Sal Stewart,CIN,,Ryan Feltner,2,card,22.0,,+354,,,park +9%,99F,RvR -3%,heat -1%,,
2026-07-19,Curtis Mead,WSN,,Jacob Lopez,2,card,21.8,,+359,,,park +6% [low-conf],90F,RvL +12%,heat +2%,,
2026-07-19,Kerry Carpenter,DET,,Ryan Johnson,6,card,21.8,,+360,,,park +4%,89F · wind out 5,LvR +8%,heat +1%,,
2026-07-19,Drake Baldwin,ATL,,Nathan Eovaldi,1,card,21.5,,+366,,,park +4%,86F · wind in 11,LvR +8%,heat -7%,,
2026-07-19,JJ Bleday,CIN,,Ryan Feltner,3,card,21.5,,+365,,,park +9%,99F,LvR +8%,heat +10%,,
2026-07-19,Dillon Dingler,DET,,Ryan Johnson,2,card,21.2,,+371,,,park +4%,89F · wind out 5,RvR -3%,heat +3%,,
2026-07-19,Nelson Velázquez,STL,,Eduardo Rodriguez *,4,card,21.0,,+377,,,park +4%,101F (roof: half),RvL +12%,,,
2026-07-19,Heriberto Hernández,MIA,,Robert Gasser,2,card,20.9,,+379,,,park +9%,77F · wind in 5 (roof: half),RvL +12%,heat +11%,,
2026-07-19,Riley Greene,DET,,Ryan Johnson,4,card,20.9,,+378,,,park +4%,89F · wind out 5,LvR +8%,heat +1%,,
2026-07-19,Spencer Torkelson,DET,,Ryan Johnson,5,card,20.9,,+378,,,park +4%,89F · wind out 5,RvR -3%,heat +4%,,
2026-07-19,Esmerlyn Valdez,PIT,,Joey Cantillo,4,card,20.8,,+380,,,park -3%,76F · wind in 5,RvL +12%,heat +4%,,
2026-07-19,Eugenio Suárez,CIN,,Ryan Feltner,6,card,20.8,,+382,,,park +9%,99F,RvR -3%,,,
2026-07-19,Junior Caminero,TBR,,Sonny Gray,3,card,20.8,,+381,,,park -7%,80F · wind out 8,RvR -3%,heat -13%,,
2026-07-19,Max Muncy,LAD,,TBD *,5,proj,20.8,,+380,,,park +14%,82F · wind out 6,,,,
2026-07-19,Michael Harris II,ATL,,Nathan Eovaldi,4,card,20.8,,+382,,,park +4%,86F · wind in 11,LvR +8%,heat -3%,,
2026-07-19,Max Muncy,LAD,,Cam Schlittler,5,proj,20.7,,+382,,,park +14%,82F · wind out 6,LvR +8%,heat +2%,,
2026-07-19,Colby Thomas,ATH,,Foster Griffin,6,card,20.5,,+387,,,park +6% [low-conf],90F,RvL +12%,heat +1%,,
2026-07-20,Kyle Schwarber,PHI,,Emmet Sheehan,2,card,26.6,,+276,,,park +9%,81F · wind out 4,LvR +8%,heat +3%,,
2026-07-20,Ketel Marte,ARI,,Jeffrey Springs,1,card,25.1,,+299,,,park +4%,104F (roof: half),SvL +12%,heat +9%,,
2026-07-20,Hunter Goodman,COL,,Andrew Alvarez,4,card,24.8,,+303,,,park +9%,77F,RvL +12%,heat +15%,,
2026-07-20,Byron Buxton,MIN,,Tanner Bibee,2,card,24.5,,+308,,,park -3%,79F,RvR -3%,heat +4%,,
2026-07-20,Esmerlyn Valdez,PIT,,Ryan Weathers,4,card,24.4,,+309,,,park +14%,76F,RvL +12%,heat +2%,,
2026-07-20,Ben Rice,NYY,,Braxton Ashcraft,2,card,23.8,,+320,,,park +14%,76F,LvR +8%,heat +7%,,
2026-07-20,Kerry Carpenter,DET,,Jameson Taillon,6,card,23.3,,+329,,,park avg,80F · wind out 11,LvR +8%,heat -7%,,
2026-07-20,Yordan Alvarez,HOU,,Janson Junk,2,card,22.8,,+339,,,park +3%,93F (roof: half),LvR +8%,heat +11%,,
2026-07-20,Colson Montgomery,CHW,,Jacob deGrom,4,card,22.5,,+345,,,park +2%,99F (roof: half),LvR +8%,heat +1%,,
2026-07-20,James Wood,WSN,,Kyle Freeland,1,card,22.4,,+347,,,park +9%,77F,LvL -22%,heat +18%,,
2026-07-20,Munetaka Murakami,CHW,,Jacob deGrom,2,card,22.2,,+351,,,park +2%,99F (roof: half),LvR +8%,heat +3%,,
2026-07-20,Riley Greene,DET,,Jameson Taillon,4,card,22.2,,+351,,,park avg,80F · wind out 11,LvR +8%,heat -6%,,
2026-07-20,Spencer Torkelson,DET,,Jameson Taillon,7,card,21.8,,+358,,,park avg,80F · wind out 11,RvR -3%,heat -6%,,
2026-07-20,Dillon Dingler,DET,,Jameson Taillon,5,card,21.7,,+361,,,park avg,80F · wind out 11,RvR -3%,heat -9%,,
2026-07-20,Shea Langeliers,ATH,,Mitch Bratt *,3,card,21.5,,+364,,,park +4%,104F (roof: half),RvL +12%,,,
2026-07-20,Kody Clemens,MIN,,Tanner Bibee,3,card,21.2,,+371,,,park -3%,79F,LvR +8%,heat +2%,,
2026-07-20,Shohei Ohtani,LAD,,Cristopher Sánchez *,1,card,21.2,,+372,,,park +9%,81F · wind out 4,LvL -22%,heat +15%,,
2026-07-20,Juan Soto,NYM,,Jacob Misiorowski,2,card,21.1,,+374,,,park +9%,84F (roof: half),LvR +8%,heat +18%,,
2026-07-20,Curtis Mead,WSN,,Kyle Freeland,2,card,20.9,,+379,,,park +9%,77F,RvL +12%,heat +1%,,
2026-07-20,Bryce Harper,PHI,,Emmet Sheehan,3,card,20.8,,+382,,,park +9%,81F · wind out 4,LvR +8%,heat +11%,,
2026-07-20,Joc Pederson,TEX,,Erick Fedde,1,card,20.8,,+380,,,park +2%,99F (roof: half),LvR +8%,heat +1%,,
2026-07-20,Miguel Vargas,CHW,,Jacob deGrom,3,card,20.8,,+381,,,park +2%,99F (roof: half),RvR -3%,heat -15%,,
2026-07-20,Casey Schmitt,SFG,,Michael Wacha,3,card,20.7,,+384,,,park -4% [low-conf],96F · wind out 6,RvR -3%,heat -4%,,
2026-07-20,Rafael Devers,SFG,,Michael Wacha,4,card,20.7,,+384,,,park -4% [low-conf],96F · wind out 6,LvR +8%,heat +0%,,
2026-07-20,Mike Trout,LAA,,Kyle Leahy,2,card,20.6,,+387,,,park +4%,89F · wind out 4,RvR -3%,heat -1%,,
2026-07-20,Drake Baldwin,ATL,,JP Sears,1,card,20.5,,+389,,,park +4%,91F · wind in 4,LvL -22%,heat +7%,,
2026-07-20,Matt Olson,ATL,,JP Sears,3,card,20.5,,+389,,,park +4%,91F · wind in 4,LvL -22%,heat +4%,,
2026-07-20,Nolan Arenado,ARI,,Jeffrey Springs,6,card,20.1,,+399,,,park +4%,104F (roof: half),RvL +12%,heat +4%,,
2026-07-20,Jordan Walker,STL,,José Soriano,4,card,19.9,,+403,,,park +4%,89F · wind out 4,RvR -3%,heat -2%,,
2026-07-20,Trent Grisham,NYY,,Braxton Ashcraft,1,card,19.8,,+404,,,park +14%,76F,LvR +8%,heat +3%,,
2026-07-21,Hunter Goodman,COL,,Carson Palmquist,3,card,31.1,,+222,,,park +9%,97F · wind out 7,RvL +12%,,,
2026-07-21,James Wood,WSN,,Michael Lorenzen,1,card,26.8,,+273,,,park +9%,97F · wind out 7,LvR +8%,heat +1%,,
2026-07-21,Ben Rice,NYY,,Bubba Chandler,2,proj,23.1,,+333,,,park +14%,75F · wind out 4,LvR +8%,heat +9%,,
2026-07-21,Mike Trout,LAA,,Matthew Liberatore,2,card,22.9,,+336,,,park +4%,85F · wind out 7,RvL +12%,heat +7%,,
2026-07-21,Juan Soto,NYM,,Brandon Sproat,2,card,22.4,,+347,,,park +9%,72F (roof: half),LvR +8%,heat +4%,,
2026-07-21,Munetaka Murakami,CHW,,Kumar Rocker,2,card,22.0,,+354,,,park +2%,104F (roof: half),LvR +8%,heat +5%,,
2026-07-21,Shohei Ohtani,LAD,,Zack Wheeler,1,card,21.9,,+357,,,park +9%,74F · wind out 4,LvR +8%,heat -3%,,
2026-07-21,Yordan Alvarez,HOU,,Tyler Phillips,2,card,21.9,,+357,,,park +3%,96F (roof: half),LvR +8%,heat +4%,,
2026-07-21,Esmerlyn Valdez,PIT,,Will Warren,8,proj,21.7,,+362,,,park +14%,75F · wind out 4,RvR -3%,heat +2%,,
2026-07-21,Byron Buxton,MIN,,Parker Messick,2,card,21.6,,+363,,,park -3%,75F · wind in 3,RvL +12%,heat +4%,,
2026-07-21,Ketel Marte,ARI,,Jack Perkins,1,card,21.5,,+366,,,park +4%,100F (roof: half),SvR +8%,heat -0%,,
2026-07-21,Shea Langeliers,ATH,,Kohl Drake *,3,card,21.4,,+368,,,park +4%,100F (roof: half),RvL +12%,,,
2026-07-21,Matt Olson,ATL,,Walker Buehler,3,card,21.3,,+370,,,park +4%,88F · wind in 5,LvR +8%,heat +6%,,
2026-07-21,Mickey Moniak,COL,,Carson Palmquist,7,card,21.3,,+370,,,park +9%,97F · wind out 7,LvL -22%,,,
2026-07-21,CJ Abrams,WSN,,Michael Lorenzen,4,card,21.2,,+371,,,park +9%,97F · wind out 7,LvR +8%,heat +2%,,
2026-07-21,Drake Baldwin,ATL,,Walker Buehler,1,card,21.2,,+372,,,park +4%,88F · wind in 5,LvR +8%,heat -1%,,
2026-07-21,Brandon Lowe,PIT,,Will Warren,2,proj,21.0,,+376,,,park +14%,75F · wind out 4,LvR +8%,heat -1%,,
2026-07-21,Zach Neto,LAA,,Matthew Liberatore,1,card,21.0,,+376,,,park +4%,85F · wind out 7,RvL +12%,heat +14%,,
2026-07-21,Kyle Schwarber,PHI,,Justin Wrobleski,2,card,20.9,,+379,,,park +9%,74F · wind out 4,LvL -22%,heat +10%,,
2026-07-21,Dominic Canzone,SEA,,Chase Burns,3,card,20.7,,+384,,,park -4%,86F (roof: half),LvR +8%,heat +7%,,
2026-07-21,Miguel Vargas,CHW,,Kumar Rocker,3,card,20.7,,+383,,,park +2%,104F (roof: half),RvR -3%,heat -3%,,
2026-07-21,Jordan Walker,STL,,Walbert Ureña *,4,card,20.5,,+387,,,park +4%,85F · wind out 7,RvR -3%,heat +6%,,
2026-07-21,Jose Siri,LAA,,Matthew Liberatore,8,card,20.5,,+387,,,park +4%,85F · wind out 7,RvL +12%,heat +5%,,
2026-07-21,Luis García Jr.,WSN,,Michael Lorenzen,2,card,20.4,,+389,,,park +9%,97F · wind out 7,LvR +8%,heat +2%,,
2026-07-21,Max Muncy,LAD,,Zack Wheeler,4,card,20.3,,+392,,,park +9%,74F · wind out 4,LvR +8%,,,
2026-07-21,Curtis Mead,WSN,,Michael Lorenzen,5,card,20.2,,+396,,,park +9%,97F · wind out 7,RvR -3%,heat +1%,,
2026-07-21,Junior Caminero,TBR,,Kevin Gausman,3,card,20.2,,+395,,,park +3% [low-conf],70F (roof: half),RvR -3%,heat -3%,,
2026-07-21,Corbin Carroll,ARI,,Jack Perkins,3,card,20.1,,+396,,,park +4%,100F (roof: half),LvR +8%,heat -1%,,
2026-07-21,Luke Raley,SEA,,Chase Burns,6,card,20.1,,+397,,,park -4%,86F (roof: half),LvR +8%,heat +4%,,
2026-07-21,Michael Harris II,ATL,,Walker Buehler,5,card,19.7,,+408,,,park +4%,88F · wind in 5,LvR +8%,heat +5%,,
2026-07-22,Ben Rice,NYY,,Mitch Keller,2,card,26.9,,+272,,,park +14%,84F · wind out 9,LvR +8%,heat +12%,3.4,STANDOUT
2026-07-22,Shohei Ohtani,LAD,,Aaron Nola,1,card,25.5,,+293,,,park +9%,78F,LvR +8%,heat -0%,3.2,STANDOUT
2026-07-22,Ben Rice,NYY,,Bubba Chandler,2,card,25.3,,+296,,,park +14%,84F · wind out 9,LvR +8%,heat +10%,1.8,
2026-07-22,Esmerlyn Valdez,PIT,,Gerrit Cole,4,card,25.3,,+294,,,park +14%,84F · wind out 9,RvR -3%,,4.0,STANDOUT
2026-07-22,Hunter Goodman,COL,,Cade Cavalli,3,card,24.7,,+305,,,park +9%,83F,RvR -3%,heat +0%,1.5,
2026-07-22,Kyle Schwarber,PHI,,Eric Lauer,2,card,24.1,,+315,,,park +9%,78F,LvL -22%,,1.9,
2026-07-22,Esmerlyn Valdez,PIT,,Max Fried,4,card,22.3,,+348,,,park +14%,84F · wind out 9,RvL +12%,heat +2%,1.0,
2026-07-22,Dominic Canzone,SEA,,Brady Singer,3,card,22.1,,+352,,,park -4%,89F (roof: half),LvR +8%,heat +3%,1.2,
2026-07-22,Max Muncy,ATH,,Merrill Kelly,3,card,22.1,,+352,,,park +4%,104F (roof: half),LvR +8%,heat -9%,1.4,
2026-07-22,Mickey Moniak,COL,,Cade Cavalli,2,card,22.0,,+355,,,park +9%,83F,LvR +8%,heat +4%,-0.3,
2026-07-22,Max Muncy,LAD,,Aaron Nola,4,card,21.9,,+358,,,park +9%,78F,LvR +8%,heat -10%,1.1,
2026-07-22,Yordan Alvarez,HOU,,Sandy Alcantara,2,card,21.8,,+358,,,park +3%,94F (roof: half),LvR +8%,heat +5%,-1.1,
2026-07-22,Luke Raley,SEA,,Brady Singer,7,card,21.4,,+368,,,park -4%,89F (roof: half),LvR +8%,heat -0%,,new
2026-07-22,Brandon Lowe,PIT,,Gerrit Cole,7,card,21.3,,+368,,,park +14%,84F · wind out 9,LvR +8%,heat -1%,0.4,
2026-07-22,Trent Grisham,NYY,,Mitch Keller,1,card,21.0,,+376,,,park +14%,84F · wind out 9,LvR +8%,heat +1%,,new
2026-07-22,Paul Goldschmidt,NYY,,Mitch Keller,3,card,20.8,,+381,,,park +14%,84F · wind out 9,RvR -3%,heat +0%,-0.1,
2026-07-22,Jordan Walker,STL,,Reid Detmers,3,card,20.7,,+383,,,park +4%,83F · wind out 7,RvL +12%,heat +9%,0.1,
2026-07-22,Mike Trout,LAA,,Hunter Dobbins,2,card,20.7,,+384,,,park +4%,83F · wind out 7,RvR -3%,heat -0%,-1.1,
2026-07-22,Drake Baldwin,ATL,,Michael King,1,card,20.5,,+389,,,park +4%,85F · wind in 3,LvR +8%,heat -7%,-0.6,
2026-07-22,Matt Olson,ATL,,Michael King,3,card,20.5,,+387,,,park +4%,85F · wind in 3,LvR +8%,heat -6%,-1.1,
2026-07-22,Trent Grisham,NYY,,Bubba Chandler,1,card,20.4,,+390,,,park +14%,84F · wind out 9,LvR +8%,heat -3%,,new
2026-07-22,Paul Goldschmidt,NYY,,Bubba Chandler,3,card,20.3,,+394,,,park +14%,84F · wind out 9,RvR -3%,heat +2%,-0.6,
2026-07-22,Miguel Vargas,CHW,,Tyler Alexander,3,card,20.2,,+396,,,park +2%,85F · wind out 3 (roof: half),RvL +12%,heat -6%,-1.4,
2026-07-22,Willson Contreras,BOS,,Dean Kremer,4,card,20.2,,+394,,,park -7%,74F,RvR -3%,heat +3%,-0.2,
2026-07-22,Manny Machado,SDP,,Martín Pérez *,3,card,20.0,,+399,,,park +4%,85F · wind in 3,RvL +12%,heat -1%,,new
2026-07-22,Cal Raleigh,SEA,,Brady Singer,6,card,19.8,,+405,,,park -4%,89F (roof: half),SvR +8%,heat -1%,,new
2026-07-22,Jazz Chisholm Jr.,NYY,,Mitch Keller,5,card,19.7,,+408,,,park +14%,84F · wind out 9,LvR +8%,heat +6%,,new
2026-07-22,Bryce Harper,PHI,,Eric Lauer,3,card,19.5,,+413,,,park +9%,78F,LvL -22%,,-6.1,floor
2026-07-22,Freddie Freeman,LAD,,Aaron Nola,3,card,19.4,,+415,,,park +9%,78F,LvR +8%,heat -6%,,new
2026-07-22,CJ Abrams,WSN,,Gabriel Hughes,4,card,19.1,,+424,,,park +9%,83F,LvR +8%,,-1.9,
2026-07-23,Byron Buxton,MIN,,Gavin Williams,2,card,22.0,27.7,+354,,,park -3%,72F · wind in 5,RvR -3%,heat +1%,-2.5,floor
2026-07-23,Junior Caminero,TBR,,Shane Bieber,3,card,21.4,26.0,+366,,,park +3% [low-conf],64F · wind out 5 (roof: half),RvR -3%,heat +1%,-0.1,
2026-07-23,Drake Baldwin,ATL,,Kyle Hart,1,card,20.6,23.4,+386,,,park +4%,83F,LvL -22%,,-0.2,
2026-07-23,Matt Olson,ATL,,Kyle Hart,3,card,20.1,22.1,+397,,,park +4%,83F,LvL -22%,,-1.0,
2026-07-23,Manny Machado,SDP,,Chris Sale,3,card,19.5,21.4,+412,,,park +4%,83F,RvL +12%,heat +10%,,new
2026-07-23,Jordan Walker,STL,,Brandon Pfaadt,2,card,19.3,21.2,+417,,,park -7%,80F · wind in 4,RvR -3%,heat +4%,-1.3,
2026-07-23,Ryan Jeffers,MIN,,Gavin Williams,3,card,17.4,19.1,+476,,,park -3%,72F · wind in 5,RvR -3%,heat +0%,,new
2026-07-23,Ty France,SDP,,Chris Sale,4,card,17.4,19.1,+475,,,park +4%,83F,RvL +12%,heat +3%,,new
2026-07-23,Corbin Carroll,ARI,,Michael McGreevy,1,card,17.3,19.1,+478,,,park -7%,80F · wind in 4,LvR +8%,heat -4%,,new
2026-07-23,Carter Jensen,KCR,,Troy Melton,1,card,16.6,18.4,+501,,,park -5%,75F,LvR +8%,heat -6%,,new
2026-07-23,Dillon Dingler,DET,,Randy Dobnak,5,card,16.3,18.1,+512,,,park -5%,75F,RvR -3%,heat -1%,-4.9,floor
2026-07-23,Kody Clemens,MIN,,Gavin Williams,5,card,16.2,18.0,+516,,,park -3%,72F · wind in 5,LvR +8%,heat +6%,-5.2,floor
2026-07-23,Yandy Díaz,TBR,,Shane Bieber,1,card,16.2,17.9,+516,,,park +3% [low-conf],64F · wind out 5 (roof: half),RvR -3%,heat -3%,,new
2026-07-23,Jonathan Aranda,TBR,,Shane Bieber,2,card,16.1,17.8,+521,,,park +3% [low-conf],64F · wind out 5 (roof: half),LvR +8%,heat +11%,,new
2026-07-23,Michael Harris II,ATL,,Kyle Hart,4,card,16.0,17.8,+523,,,park +4%,83F,LvL -22%,,-4.8,floor
2026-07-23,Brooks Lee,MIN,,Gavin Williams,1,card,15.9,17.6,+528,,,park -3%,72F · wind in 5,SvR +8%,heat +7%,,new
2026-07-23,Kazuma Okamoto,TOR,,Casey Legumina,6,card,15.7,17.4,+536,,,park +3% [low-conf],64F · wind out 5 (roof: half),RvR -3%,heat -3%,,new
2026-07-23,Max Kepler,ARI,,Michael McGreevy,4,card,15.6,17.3,+540,,,park -7%,80F · wind in 4,LvR +8%,,,new
2026-07-23,JJ Wetherholt,STL,,Brandon Pfaadt,1,card,15.4,17.0,+551,,,park -7%,80F · wind in 4,LvR +8%,heat -7%,,new
2026-07-23,Victor Mesa Jr.,TBR,,Shane Bieber,4,card,15.2,16.9,+556,,,park +3% [low-conf],64F · wind out 5 (roof: half),LvR +8%,heat -1%,,new
2026-07-23,Alec Burleson,STL,,Brandon Pfaadt,3,card,14.8,16.4,+576,,,park -7%,80F · wind in 4,LvR +8%,heat -4%,,new
2026-07-23,Ozzie Albies,ATL,,Kyle Hart,2,card,14.8,16.4,+575,,,park +4%,83F,SvL +12%,heat +12%,,new
2026-07-23,Riley Greene,DET,,Randy Dobnak,4,card,14.7,16.3,+580,,,park -5%,75F,LvR +8%,heat -8%,-6.2,floor
2026-07-23,Kerry Carpenter,DET,,Randy Dobnak,6,card,14.5,16.0,+591,,,park -5%,75F,LvR +8%,heat -1%,-6.7,floor
2026-07-23,José Ramírez,CLE,,Taj Bradley,2,card,14.4,16.0,+593,,,park -3%,72F · wind in 5,SvR +8%,heat +4%,,new
2026-07-23,Fernando Tatis Jr.,SDP,,Chris Sale,1,card,13.4,14.9,+645,,,park +4%,83F,RvL +12%,heat +16%,,new
2026-07-23,George Springer,TOR,,Casey Legumina,4,card,13.3,14.8,+650,,,park +3% [low-conf],64F · wind out 5 (roof: half),RvR -3%,heat +3%,,new
2026-07-23,Salvador Perez,KCR,,Troy Melton,4,card,13.3,14.8,+650,,,park -5%,75F,RvR -3%,heat +17%,,new
2026-07-23,Josh Bell,MIN,,Gavin Williams,4,card,13.2,14.7,+657,,,park -3%,72F · wind in 5,SvR +8%,heat +10%,,new
2026-07-23,Spencer Torkelson,DET,,Randy Dobnak,7,card,13.0,14.5,+668,,,park -5%,75F,RvR -3%,heat -8%,-8.8,floor
2026-07-24,Yordan Alvarez,HOU,,Davis Martin,2,card,25.6,33.0,+291,,,park +9%,75F · wind in 4,LvR +8%,heat +7%,3.2,STANDOUT
2026-07-24,Byron Buxton,MIN,,Jacob Lopez,2,card,24.4,31.3,+310,,,park -2%,79F,RvL +12%,heat +5%,1.1,
2026-07-24,Ben Rice,NYY,,Jesús Luzardo,2,card,23.0,29.4,+336,,,park +9%,77F · wind out 3,LvL -22%,heat -2%,-1.1,
2026-07-24,Kyle Schwarber,PHI,,Cam Schlittler,2,card,23.0,29.4,+335,,,park +9%,77F · wind out 3,LvR +8%,heat +5%,0.5,
2026-07-24,James Wood,WSN,,Eduardo Rodriguez *,1,card,22.3,28.5,+348,,,park avg,78F,LvL -22%,heat +1%,-0.2,
2026-07-24,Joc Pederson,TEX,,Bryce Miller,1,card,22.0,27.7,+355,,,park +2%,94F (roof: half),LvR +8%,heat +4%,1.2,
2026-07-24,Juan Soto,NYM,,Roki Sasaki,2,card,21.5,26.3,+365,,,park -4%,75F · wind out 3,LvR +8%,heat +2%,0.2,
2026-07-24,Hunter Goodman,COL,,Shane Drohan,4,card,21.3,25.5,+371,,,park +9%,75F · wind in 6 (roof: half),RvL +12%,heat +16%,-2.8,floor
2026-07-24,Munetaka Murakami,CHW,,Spencer Arrighetti,2,card,21.3,25.5,+370,,,park +9%,75F · wind in 4,LvR +8%,heat -2%,-0.6,
2026-07-24,Junior Caminero,TBR,,Joey Cantillo,3,card,21.2,25.4,+371,,,park -4% [low-conf],dome,RvL +12%,heat +15%,-0.2,
2026-07-24,Esmerlyn Valdez,PIT,,Matthew Boyd,4,card,21.1,25.1,+373,,,park -9%,75F,RvL +12%,heat +4%,-0.5,
2026-07-24,Ryan Jeffers,MIN,,Jacob Lopez,3,card,21.1,24.9,+375,,,park -2%,79F,RvL +12%,heat +4%,1.6,
2026-07-24,Drake Baldwin,ATL,,Trevor Rogers,1,card,21.0,24.6,+377,,,park +4% [low-conf],77F,LvL -22%,heat +3%,0.4,
2026-07-24,Shea Langeliers,ATH,,Zebby Matthews,3,card,20.8,24.2,+380,,,park -2%,79F,RvR -3%,heat +3%,-1.1,
2026-07-24,Dillon Dingler,DET,,Beck Way,3,card,20.7,23.8,+383,,,park -5%,76F · wind in 5,RvR -3%,heat +1%,0.0,
2026-07-24,Shohei Ohtani,LAD,,Sean Manaea,1,card,20.7,23.9,+382,,,park -4%,75F · wind out 3,LvL -22%,heat +1%,-1.6,
2026-07-24,Ketel Marte,ARI,,Carson Palmquist,1,card,20.6,23.4,+386,,,park avg,78F,SvL +12%,,0.1,
2026-07-24,Pete Alonso,BAL,,Grant Holmes,2,card,20.6,23.6,+384,,,park +4% [low-conf],77F,RvR -3%,heat -1%,-1.8,
2026-07-24,Paul Goldschmidt,NYY,,Jesús Luzardo,1,card,20.4,22.9,+390,,,park +9%,77F · wind out 3,RvL +12%,heat -2%,-0.2,
2026-07-24,Matt Olson,ATL,,Trevor Rogers,3,card,20.3,22.7,+392,,,park +4% [low-conf],77F,LvL -22%,heat +3%,-0.4,
2026-07-24,Sal Stewart,CIN,,Dustin May,2,card,20.3,22.5,+393,,,park -7%,72F,RvR -3%,heat +4%,-4.2,floor
2026-07-24,Colson Montgomery,CHW,,Spencer Arrighetti,4,card,20.1,22.1,+397,,,park +9%,75F · wind in 4,LvR +8%,heat -7%,-0.5,
2026-07-24,Jordan Walker,STL,,Rhett Lowder,2,card,19.8,21.7,+404,,,park -7%,72F,RvR -3%,heat +10%,-0.8,
2026-07-24,Pete Crow-Armstrong,CHC,,Jared Jones,1,card,19.6,21.4,+411,,,park -9%,75F,LvR +8%,heat -4%,-1.3,
2026-07-24,Tyler Soderstrom,ATH,,Zebby Matthews,2,card,19.4,21.3,+415,,,park -2%,79F,LvR +8%,heat +3%,,new
2026-07-24,Jackson Chourio,MIL,,Tomoyuki Sugano,2,card,19.3,21.2,+417,,,park +9%,75F · wind in 6 (roof: half),RvR -3%,heat -4%,,new
2026-07-24,Curtis Mead,WSN,,Eduardo Rodriguez *,2,card,18.9,20.8,+428,,,park avg,78F,RvL +12%,heat -3%,-2.0,floor
2026-07-24,Dominic Canzone,SEA,,MacKenzie Gore,3,card,18.9,20.8,+428,,,park +2%,94F (roof: half),LvL -22%,heat +12%,-2.1,floor
2026-07-24,Kazuma Okamoto,TOR,,Patrick Sandoval,3,card,18.6,20.5,+437,,,park -7%,77F,RvL +12%,,,new
2026-07-24,Miguel Vargas,CHW,,Spencer Arrighetti,3,card,18.6,20.4,+438,,,park +9%,75F · wind in 4,RvR -3%,heat +2%,-2.4,floor
2026-07-25,Yordan Alvarez,HOU,,Sean Burke,2,card,26.4,34.3,+278,,,park +9%,no wx,LvR +8%,heat +4%,3.5,STANDOUT
2026-07-25,Byron Buxton,MIN,,Brady Basso,2,card,24.1,31.0,+314,,,park -2%,85F,RvL +12%,,-0.3,
2026-07-25,Ben Rice,NYY,,Tim Mayza,2,card,23.0,29.4,+335,,,park +9%,76F,LvL -22%,heat -2%,-0.9,
2026-07-25,James Wood,WSN,,Mitch Bratt,1,card,22.8,29.1,+339,,,park avg,79F,LvL -22%,,0.3,
2026-07-25,Hunter Goodman,COL,,Robert Gasser,4,card,22.2,28.2,+351,,,park +9%,78F (roof: half),RvL +12%,heat +18%,-1.9,
2026-07-25,Kyle Schwarber,PHI,,Ryan Weathers,2,card,22.2,28.2,+351,,,park +9%,76F,LvL -22%,heat +7%,-0.6,
2026-07-25,Drake Baldwin,ATL,,Brandon Young,1,card,21.7,26.7,+362,,,park +4% [low-conf],77F,LvR +8%,heat -3%,0.9,
2026-07-25,Esmerlyn Valdez,PIT,,Shota Imanaga,4,card,21.7,26.7,+362,,,park -9%,79F,RvL +12%,heat +3%,0.1,
2026-07-25,Joc Pederson,TEX,,Bryan Woo,1,card,21.7,26.9,+360,,,park +2%,98F (roof: half),LvR +8%,heat +3%,0.5,
2026-07-25,Junior Caminero,TBR,,Tanner Bibee,3,card,21.4,25.9,+368,,,park -4% [low-conf],dome,RvR -3%,heat -1%,-0.1,
2026-07-25,Munetaka Murakami,CHW,,Hunter Brown,2,card,21.1,25.0,+374,,,park +9%,no wx,LvR +8%,heat +2%,-0.8,
2026-07-25,Matt Olson,ATL,,Brandon Young,3,card,20.9,24.5,+378,,,park +4% [low-conf],77F,LvR +8%,heat -2%,0.1,
2026-07-25,Nick Kurtz,ATH,,Mike Paredes,2,card,20.9,24.4,+378,,,park -2%,85F,LvR +8%,heat +3%,,new
2026-07-25,Sal Stewart,CIN,,Andre Pallante,2,card,20.8,24.0,+382,,,park -7%,90F,RvR -3%,heat -2%,-2.6,floor
2026-07-25,Dominic Canzone,SEA,,Nathan Eovaldi,3,card,20.7,23.8,+383,,,park +2%,98F (roof: half),LvR +8%,heat -3%,-0.2,
2026-07-25,Shohei Ohtani,LAD,,Nolan McLean,1,card,20.7,23.9,+382,,,park -4%,74F,LvR +8%,heat -0%,-1.6,
2026-07-25,Pete Alonso,BAL,,Bryce Elder,2,card,20.6,23.6,+385,,,park +4% [low-conf],77F,RvR -3%,heat +3%,-0.8,
2026-07-25,Jordan Walker,STL,,Hunter Greene,2,card,20.3,22.5,+393,,,park -7%,90F,RvR -3%,,0.1,
2026-07-25,Dillon Dingler,DET,,Michael Wacha,4,card,20.0,21.9,+399,,,park -5%,78F · wind in 5,RvR -3%,heat +0%,-0.7,
2026-07-25,Elly De La Cruz,CIN,,Andre Pallante,1,card,19.9,21.8,+402,,,park -7%,90F,SvR +8%,heat +8%,-3.6,floor
2026-07-25,Pete Crow-Armstrong,CHC,,Paul Skenes,1,card,19.8,21.7,+405,,,park -9%,79F,LvR +8%,heat -3%,-1.1,
2026-07-25,Colson Montgomery,CHW,,Hunter Brown,4,card,19.7,21.5,+409,,,park +9%,no wx,LvR +8%,heat -1%,-0.9,
2026-07-25,Curtis Mead,WSN,,Mitch Bratt,2,card,19.4,21.3,+415,,,park avg,79F,RvL +12%,,-1.2,
2026-07-25,Jackson Chourio,MIL,,Ryan Feltner,2,card,19.3,21.2,+417,,,park +9%,78F (roof: half),RvR -3%,heat -4%,,new
2026-07-25,Kody Clemens,MIN,,Brady Basso,3,card,18.9,20.7,+429,,,park -2%,85F,LvL -22%,,-2.3,floor
2026-07-25,Paul Goldschmidt,NYY,,Tim Mayza,3,card,18.9,20.8,+428,,,park +9%,76F,RvL +12%,heat +0%,-1.6,
2026-07-25,Trea Turner,PHI,,Ryan Weathers,1,card,18.7,20.5,+436,,,park +9%,76F,RvL +12%,heat -5%,,new
2026-07-25,Wyatt Langford,TEX,,Bryan Woo,2,card,18.4,20.2,+444,,,park +2%,98F (roof: half),RvR -3%,heat +0%,,new
2026-07-25,Michael Harris II,ATL,,Brandon Young,4,card,18.3,20.1,+448,,,park +4% [low-conf],77F,LvR +8%,heat +1%,-2.4,floor
2026-07-25,Corbin Carroll,ARI,,Foster Griffin,1,card,18.1,19.9,+452,,,park avg,79F,LvL -22%,heat +6%,,new
2026-07-26,Byron Buxton,MIN,,Jeffrey Springs,2,card,26.5,34.3,+278,,,park -2%,93F,RvL +12%,heat +2%,2.2,
2026-07-26,Ben Rice,NYY,,Cristopher Sánchez *,2,card,23.9,30.8,+318,,,park +9%,79F · wind out 5,LvL -22%,heat +3%,0.4,
2026-07-26,Kyle Schwarber,PHI,,Will Warren,2,card,23.7,30.5,+321,,,park +9%,79F · wind out 5,LvR +8%,heat +3%,0.9,
2026-07-26,James Wood,WSN,,Kohl Drake *,1,card,22.5,28.8,+344,,,park avg,81F,LvL -22%,,-0.2,
2026-07-26,Ryan Jeffers,MIN,,Jeffrey Springs,3,card,22.0,27.8,+354,,,park -2%,93F,RvL +12%,heat +3%,1.8,
2026-07-26,Joc Pederson,TEX,,Logan Gilbert,1,card,21.8,27.2,+358,,,park +2%,98F (roof: half),LvR +8%,heat +6%,0.2,
2026-07-26,Drake Baldwin,ATL,,Shane Baz,1,card,21.5,26.2,+365,,,park +4% [low-conf],80F,LvR +8%,heat -0%,0.7,
2026-07-26,Esmerlyn Valdez,PIT,,Jameson Taillon,4,card,21.5,26.3,+365,,,park -9%,76F,RvR -3%,heat -0%,-0.2,
2026-07-26,Munetaka Murakami,CHW,,Ronel Blanco *,2,card,21.3,25.5,+370,,,park +9%,no wx,LvR +8%,,-0.3,
2026-07-26,Brandon Lowe,PIT,,Jameson Taillon,2,card,21.1,24.9,+375,,,park -9%,76F,LvR +8%,heat -9%,0.1,
2026-07-26,Junior Caminero,TBR,,Parker Messick,3,card,21.1,24.9,+374,,,park -4% [low-conf],dome,RvL +12%,heat +11%,-0.3,
2026-07-26,Paul Goldschmidt,NYY,,Cristopher Sánchez *,1,card,21.0,24.8,+375,,,park +9%,79F · wind out 5,RvL +12%,heat -7%,0.6,
2026-07-26,Jordan Walker,STL,,Andrew Abbott,2,card,20.9,24.5,+378,,,park -7%,97F · wind out 5,RvL +12%,heat -7%,0.8,
2026-07-26,Jackson Chourio,MIL,,Kyle Freeland,1,card,20.8,24.0,+382,,,park +9%,85F (roof: half),RvL +12%,heat +9%,,new
2026-07-26,Matt Olson,ATL,,Shane Baz,3,card,20.8,24.2,+380,,,park +4% [low-conf],80F,LvR +8%,heat +5%,0.1,
2026-07-26,Corbin Carroll,ARI,,Miles Mikolas,1,card,20.5,23.3,+387,,,park avg,81F,LvR +8%,heat +5%,2.4,
2026-07-26,Pete Alonso,BAL,,Reynaldo López *,2,card,20.5,23.1,+388,,,park +4% [low-conf],80F,RvR -3%,heat +5%,-0.5,
2026-07-26,Pete Crow-Armstrong,CHC,,Braxton Ashcraft,1,card,20.5,23.2,+388,,,park -9%,76F,LvR +8%,heat +2%,-0.3,
2026-07-26,Dominic Canzone,SEA,,Jacob deGrom,3,card,20.4,22.9,+390,,,park +2%,98F (roof: half),LvR +8%,heat +1%,-0.3,
2026-07-26,Elly De La Cruz,CIN,,Kyle Leahy,1,card,20.3,22.5,+393,,,park -7%,97F · wind out 5,SvR +8%,heat +2%,-2.2,floor
2026-07-26,Nick Kurtz,ATH,,Connor Prielipp,2,card,20.0,21.9,+400,,,park -2%,93F,LvL -22%,heat -2%,,new
2026-07-26,Mike Trout,LAA,,Carson Whisenhunt,2,card,19.4,21.2,+416,,,park -14%,67F · wind out 17,RvL +12%,heat -1%,-2.0,floor
2026-07-26,Bryce Harper,PHI,,Will Warren,3,card,19.1,21.0,+423,,,park +9%,79F · wind out 5,LvR +8%,heat +8%,-4.1,floor
2026-07-26,Ketel Marte,ARI,,Miles Mikolas,4,card,19.0,20.9,+426,,,park avg,81F,SvR +8%,heat +4%,-1.6,
2026-07-26,Dillon Dingler,DET,,Luinder Avila,5,card,18.7,20.5,+435,,,park -5%,85F,RvR -3%,heat -7%,-1.8,
2026-07-26,Wyatt Langford,TEX,,Logan Gilbert,2,card,18.5,20.4,+440,,,park +2%,98F (roof: half),RvR -3%,heat -3%,,new
2026-07-26,Zach Neto,LAA,,Carson Whisenhunt,1,card,18.5,20.3,+441,,,park -14%,67F · wind out 17,RvL +12%,heat +5%,-3.1,floor
2026-07-26,JJ Bleday,CIN,,Kyle Leahy,3,card,18.4,20.3,+442,,,park -7%,97F · wind out 5,LvR +8%,heat +2%,-3.2,floor
2026-07-26,Miguel Vargas,CHW,,Ronel Blanco *,3,card,18.4,20.2,+443,,,park +9%,no wx,RvR -3%,,-2.5,floor
2026-07-26,Kody Clemens,MIN,,Jeffrey Springs,5,card,18.3,20.1,+446,,,park -2%,93F,LvL -22%,heat -6%,-2.8,floor
2026-07-27,Yordan Alvarez,HOU,,Walbert Ureña *,1,proj,29.2,38.2,+242,,,park +4%,88F · wind out 7,LvR +8%,heat +1%,6.3,STANDOUT
2026-07-27,James Wood,WSN,,Max Scherzer,1,card,26.3,34.1,+280,,,park avg,88F,LvR +8%,heat +6%,3.6,STANDOUT
2026-07-27,Ben Rice,NYY,,Noah Schultz,2,card,23.9,30.7,+319,,,park +9%,74F · wind in 5,LvL -22%,heat +10%,0.0,
2026-07-27,Sal Stewart,CIN,,Slade Cecconi,2,card,22.6,28.9,+342,,,park +25%,88F · wind out 4,RvR -3%,heat +2%,0.4,
2026-07-27,Elly De La Cruz,CIN,,Slade Cecconi,1,card,21.8,27.2,+358,,,park +25%,88F · wind out 4,SvR +8%,heat +7%,-0.3,
2026-07-27,Kyle Schwarber,PHI,,Tyler Phillips,2,card,21.7,26.7,+362,,,park -9%,86F (roof: half),LvR +8%,heat -0%,-1.1,
2026-07-27,Joc Pederson,TEX,,George Kirby,1,card,21.5,26.3,+364,,,park +2%,99F (roof: half),LvR +8%,heat +6%,-0.1,
2026-07-27,Esmerlyn Valdez,PIT,,Merrill Kelly,4,card,21.3,25.6,+370,,,park -9%,86F · wind out 3,RvR -3%,heat -3%,-0.4,
2026-07-27,Nick Kurtz,ATH,,Payton Tolle,1,proj,21.3,25.7,+368,,,park +6% [low-conf],91F,LvL -22%,heat +10%,0.4,
2026-07-27,Dillon Dingler,DET,,Kyle Bradish,2,card,21.0,24.8,+375,,,park -5%,86F,RvR -3%,heat -10%,0.9,
2026-07-27,Jordan Walker,STL,,David Peterson,2,card,20.9,24.3,+379,,,park -7%,99F · wind out 9,RvL +12%,heat -3%,0.5,
2026-07-27,Wilyer Abreu,BOS,,Jack Perkins,1,proj,20.9,24.5,+378,,,park +6% [low-conf],91F,LvR +8%,heat +8%,,new
2026-07-27,Willson Contreras,BOS,,Jack Perkins,4,proj,20.8,24.2,+380,,,park +6% [low-conf],91F,RvR -3%,heat +7%,0.4,
2026-07-27,Brandon Lowe,PIT,,Merrill Kelly,2,card,20.6,23.5,+385,,,park -9%,86F · wind out 3,LvR +8%,heat -9%,-0.4,
2026-07-27,JJ Bleday,CIN,,Slade Cecconi,3,card,20.6,23.4,+386,,,park +25%,88F · wind out 4,LvR +8%,heat +2%,-0.8,
2026-07-27,Mike Trout,LAA,,Tatsuya Imai,2,card,20.6,23.5,+386,,,park +4%,88F · wind out 7,RvR -3%,heat +3%,-0.8,
2026-07-27,Pete Crow-Armstrong,CHC,,Matthew Liberatore,1,card,20.6,23.4,+386,,,park -7%,99F · wind out 9,LvL -22%,heat +3%,-0.0,
2026-07-27,Dominic Canzone,SEA,,Kumar Rocker,3,card,20.5,23.1,+388,,,park +2%,99F (roof: half),LvR +8%,heat +3%,-0.2,
2026-07-27,CJ Abrams,WSN,,Max Scherzer,4,card,20.4,22.9,+390,,,park avg,88F,LvR +8%,heat -2%,-0.5,
2026-07-27,Munetaka Murakami,CHW,,Max Fried,2,card,20.4,22.8,+391,,,park +9%,74F · wind in 5,LvL -22%,,-0.9,
2026-07-27,Randal Grichuk,CHW,,Max Fried,1,card,20.4,23.0,+389,,,park +9%,74F · wind in 5,RvL +12%,heat -2%,,new
2026-07-27,Seiya Suzuki,CHC,,Matthew Liberatore,2,card,20.3,22.5,+393,,,park -7%,99F · wind out 9,RvL +12%,heat +7%,-0.7,
2026-07-27,Zach Neto,LAA,,Tatsuya Imai,1,card,20.2,22.3,+395,,,park +4%,88F · wind out 7,RvR -3%,heat +2%,-0.8,
2026-07-27,Nathaniel Lowe,CIN,,Slade Cecconi,5,card,19.8,21.7,+405,,,park +25%,88F · wind out 4,LvR +8%,heat +3%,,new
2026-07-27,Drake Baldwin,ATL,,Zac Thornton,2,card,19.7,21.6,+408,,,park -4%,80F · wind out 5,LvL -22%,heat +4%,-1.4,
2026-07-27,Luis García Jr.,WSN,,Max Scherzer,2,card,19.5,21.4,+413,,,park avg,88F,LvR +8%,heat +14%,,new
2026-07-27,Pete Alonso,BAL,,Keider Montero,2,card,19.5,21.4,+412,,,park -5%,86F,RvR -3%,heat +8%,-1.1,
2026-07-27,Matt Olson,ATL,,Zac Thornton,3,card,19.4,21.3,+414,,,park -4%,80F · wind out 5,LvL -22%,heat -2%,-1.2,
2026-07-27,Paul Goldschmidt,NYY,,Noah Schultz,3,card,19.2,21.0,+421,,,park +9%,74F · wind in 5,RvL +12%,heat +3%,-1.2,
2026-07-27,Eugenio Suárez,CIN,,Slade Cecconi,4,card,18.9,20.8,+428,,,park +25%,88F · wind out 4,RvR -3%,heat +4%,-2.2,floor
2026-07-28,James Wood,WSN,,Shane Bieber,1,card,26.6,34.5,+276,,,park avg,86F · wind out 11,LvR +8%,,3.1,STANDOUT
2026-07-28,Yordan Alvarez,HOU,,Reid Detmers,1,proj,26.4,34.2,+279,,,park +4%,86F · wind out 5,LvL -22%,heat +6%,3.5,STANDOUT
2026-07-28,Ben Rice,NYY,,Anthony Kay,2,card,24.0,30.9,+316,,,park +9%,69F · wind out 6,LvL -22%,heat -0%,0.1,
2026-07-28,Byron Buxton,MIN,,Seth Lugo,2,card,23.4,30.0,+327,,,park -2%,89F,RvR -3%,heat +7%,-1.0,
2026-07-28,Sal Stewart,CIN,,Slade Cecconi,2,card,23.4,30.1,+327,,,park +25%,86F · wind out 7,RvR -3%,heat +2%,1.2,
2026-07-28,Joc Pederson,TEX,,Griffin Jax,1,card,23.1,29.6,+332,,,park -4% [low-conf],dome,LvR +8%,heat -0%,1.5,
2026-07-28,Sal Stewart,CIN,,Gavin Williams,2,card,22.8,29.1,+339,,,park +25%,86F · wind out 7,RvR -3%,heat -1%,0.6,
2026-07-28,Elly De La Cruz,CIN,,Slade Cecconi,1,card,22.2,28.3,+350,,,park +25%,86F · wind out 7,SvR +8%,heat +7%,0.2,
2026-07-28,Elly De La Cruz,CIN,,Gavin Williams,1,card,21.9,27.5,+356,,,park +25%,86F · wind out 7,SvR +8%,heat +9%,-0.1,
2026-07-28,Munetaka Murakami,CHW,,Gerrit Cole,2,card,21.9,27.5,+356,,,park +9%,69F · wind out 6,LvR +8%,heat +7%,0.6,
2026-07-28,Junior Caminero,TBR,,Cal Quantrill,3,card,21.7,26.9,+360,,,park -4% [low-conf],dome,RvR -3%,heat +8%,0.4,
2026-07-28,Matt Olson,ATL,,Christian Scott,1,proj,21.5,26.2,+365,,,park -4%,78F · wind out 9,LvR +8%,heat +7%,1.0,
2026-07-28,Hunter Goodman,COL,,Michael King,3,card,21.3,25.7,+369,,,park -4%,80F,RvR -3%,heat +5%,-2.8,floor
2026-07-28,Nick Kurtz,ATH,,Jake Bennett,1,proj,21.3,25.5,+370,,,park +6% [low-conf],92F,LvL -22%,heat +7%,0.2,
2026-07-28,Shohei Ohtani,LAD,,Luis Castillo,2,proj,21.2,25.4,+371,,,park +5%,88F · wind out 5,LvR +8%,heat +6%,-0.3,
2026-07-28,JJ Bleday,CIN,,Slade Cecconi,3,card,20.9,24.4,+379,,,park +25%,86F · wind out 7,LvR +8%,heat +2%,0.0,
2026-07-28,Paul Goldschmidt,NYY,,Anthony Kay,1,card,20.9,24.5,+378,,,park +9%,69F · wind out 6,RvL +12%,heat -5%,0.4,
2026-07-28,Nathaniel Lowe,CIN,,Slade Cecconi,4,card,20.8,24.2,+380,,,park +25%,86F · wind out 7,LvR +8%,heat +3%,,new
2026-07-28,Willson Contreras,BOS,,Gage Jump,4,proj,20.8,24.2,+380,,,park +6% [low-conf],92F,RvL +12%,heat +9%,0.4,
2026-07-28,Esmerlyn Valdez,PIT,,Brandon Pfaadt,4,card,20.7,23.9,+383,,,park -9%,80F · wind out 7,RvR -3%,heat -0%,-1.0,
2026-07-28,JJ Bleday,CIN,,Gavin Williams,3,card,20.7,23.8,+383,,,park +25%,86F · wind out 7,LvR +8%,heat +10%,-0.2,
2026-07-28,Nathaniel Lowe,CIN,,Gavin Williams,4,card,20.6,23.6,+385,,,park +25%,86F · wind out 7,LvR +8%,heat +9%,,new
2026-07-28,Ryan Jeffers,MIN,,Seth Lugo,3,card,20.6,23.6,+384,,,park -2%,89F,RvR -3%,heat +5%,-0.3,
2026-07-28,CJ Abrams,WSN,,Shane Bieber,4,card,20.5,23.3,+387,,,park avg,86F · wind out 11,LvR +8%,,-0.1,
2026-07-28,Dillon Dingler,DET,,Dean Kremer,4,card,20.4,23.0,+389,,,park -5%,79F · wind out 8,RvR -3%,heat -0%,0.0,
2026-07-28,Jordan Walker,STL,,Colin Rea,2,card,20.4,23.0,+390,,,park -7%,90F,RvR -3%,heat -2%,0.0,
2026-07-28,Mickey Moniak,COL,,Michael King,2,card,20.4,22.9,+390,,,park -4%,80F,LvR +8%,heat -1%,-1.8,
2026-07-28,Pete Crow-Armstrong,CHC,,Michael McGreevy,1,card,20.4,23.0,+389,,,park -7%,90F,LvR +8%,heat -4%,-0.2,
2026-07-28,Colson Montgomery,CHW,,Gerrit Cole,4,card,20.3,22.6,+393,,,park +9%,69F · wind out 6,LvR +8%,heat +4%,-0.2,
2026-07-28,Pete Alonso,BAL,,Troy Melton,2,card,20.1,22.1,+397,,,park -5%,79F · wind out 8,RvR -3%,heat +3%,-0.5,
2026-07-29,Yordan Alvarez,HOU,,Grayson Rodriguez,1,proj,29.9,39.1,+234,,,park +4%,87F · wind out 6,LvR +8%,heat +7%,5.6,STANDOUT
2026-07-29,Ben Rice,NYY,,Davis Martin,2,card,24.6,31.7,+307,,,park +9%,72F,LvR +8%,heat +7%,0.7,
2026-07-29,James Wood,WSN,,Trey Yesavage,1,card,23.1,29.5,+334,,,park avg,82F,LvR +8%,heat -2%,-0.4,
2026-07-29,Sal Stewart,CIN,,Joey Cantillo,2,card,22.4,28.6,+346,,,park +25%,83F · wind out 4,RvL +12%,heat +2%,0.2,
2026-07-29,Hunter Goodman,COL,,Kyle Hart,3,card,22.0,27.6,+355,,,park -4%,80F · wind out 3,RvL +12%,heat +8%,-2.1,floor
2026-07-29,Junior Caminero,TBR,,MacKenzie Gore,3,card,21.5,26.2,+365,,,park -4% [low-conf],dome,RvL +12%,heat +18%,0.2,
2026-07-29,Shohei Ohtani,LAD,,Emerson Hancock,2,proj,21.5,26.2,+365,,,park +5%,86F · wind out 5,LvR +8%,heat +4%,-0.0,
2026-07-29,Nick Kurtz,ATH,,Patrick Sandoval,1,proj,21.4,26.0,+367,,,park +6% [low-conf],93F · wind out 3,LvL -22%,,0.1,
2026-07-29,Elly De La Cruz,CIN,,Joey Cantillo,1,card,21.2,25.4,+371,,,park +25%,83F · wind out 4,SvL +12%,heat +6%,-0.7,
2026-07-29,Munetaka Murakami,CHW,,Cam Schlittler,2,card,21.2,25.4,+371,,,park +9%,72F,LvR +8%,heat +7%,-0.1,
2026-07-29,Willson Contreras,BOS,,Jacob Lopez,4,proj,21.2,25.3,+371,,,park +6% [low-conf],93F · wind out 3,RvL +12%,heat +5%,0.6,
2026-07-29,Kazuma Okamoto,TOR,,Zack Littell,3,card,21.1,24.9,+374,,,park avg,82F,RvR -3%,heat +4%,,new
2026-07-29,Drake Baldwin,ATL,,Christian Scott,1,card,20.7,23.7,+384,,,park -4%,76F,LvR +8%,heat -2%,-0.1,
2026-07-29,Drake Baldwin,ATL,,Sean Manaea,1,card,20.6,23.5,+385,,,park -4%,76F,LvL -22%,heat +1%,-0.2,
2026-07-29,Esmerlyn Valdez,PIT,,Eduardo Rodriguez *,4,card,20.6,23.6,+385,,,park -9%,74F · wind out 6,RvL +12%,heat +0%,-1.0,
2026-07-29,Jordan Walker,STL,,Matthew Boyd,2,card,20.3,22.5,+393,,,park -7%,87F · wind in 4,RvL +12%,heat +1%,-0.1,
2026-07-29,Wilyer Abreu,BOS,,Jacob Lopez,1,proj,20.3,22.5,+393,,,park +6% [low-conf],93F · wind out 3,LvL -22%,heat +4%,,new
2026-07-29,Zach Neto,LAA,,Hayden Wesneski *,1,proj,20.2,22.2,+396,,,park +4%,87F · wind out 6,,,-0.6,
2026-07-29,Matt Olson,ATL,,Christian Scott,3,card,20.1,22.0,+397,,,park -4%,76F,LvR +8%,heat +7%,-0.5,
2026-07-29,Wyatt Langford,TEX,,Casey Legumina,1,card,20.1,22.0,+398,,,park -4% [low-conf],dome,RvR -3%,heat -1%,,new
2026-07-29,Pete Crow-Armstrong,CHC,,Dustin May,1,card,20.0,21.9,+401,,,park -7%,87F · wind in 4,LvR +8%,heat -3%,-0.4,
2026-07-29,Kody Clemens,MIN,,Randy Dobnak,3,card,19.9,21.8,+402,,,park -2%,92F,LvR +8%,,-0.9,
2026-07-29,Matt Olson,ATL,,Sean Manaea,3,card,19.9,21.7,+404,,,park -4%,76F,LvL -22%,heat +0%,-0.8,
2026-07-29,Mike Trout,LAA,,Hayden Wesneski *,3,proj,19.9,21.8,+402,,,park +4%,87F · wind out 6,,,-1.2,
2026-07-29,Dillon Dingler,DET,,Trevor Rogers,4,card,19.8,21.7,+406,,,park -5%,81F · wind out 7,RvL +12%,heat +10%,-0.7,
2026-07-29,Pete Alonso,BAL,,Tarik Skubal,2,card,19.8,21.7,+406,,,park -5%,81F · wind out 7,RvL +12%,heat +4%,-0.8,
2026-07-29,Christian Walker,HOU,,Grayson Rodriguez,3,proj,19.4,21.2,+416,,,park +4%,87F · wind out 6,RvR -3%,heat +1%,-0.9,
2026-07-29,Max Muncy,LAD,,Emerson Hancock,5,proj,19.2,21.0,+421,,,park +5%,86F · wind out 5,LvR +8%,heat +3%,-1.7,
2026-07-29,Colson Montgomery,CHW,,Cam Schlittler,4,card,18.9,20.8,+429,,,park +9%,72F,LvR +8%,heat +7%,-1.6,
2026-07-29,Tyler Soderstrom,ATH,,Patrick Sandoval,2,proj,18.8,20.7,+431,,,park +6% [low-conf],93F · wind out 3,LvL -22%,,-1.6,
2026-07-30,Matt Olson,ATL,,Jake Irvin,3,card,22.6,33.2,+343,,,park +4%,88F · wind out 7,LvR +8%,heat +7%,2.4,
2026-07-30,Drake Baldwin,ATL,,Jake Irvin,1,card,21.2,30.9,+373,,,park +4%,88F · wind out 7,LvR +8%,heat +7%,0.6,
2026-07-30,James Wood,WSN,,Grant Holmes,1,card,21.0,30.7,+376,,,park +4%,88F · wind out 7,LvR +8%,heat -6%,-2.0,floor
2026-07-30,Ben Rice,NYY,,Sean Burke,2,card,19.8,28.8,+404,,,park +9%,79F · wind in 5,LvR +8%,heat +10%,-4.1,floor
2026-07-30,Nick Kurtz,ATH,,Sonny Gray,1,proj,19.6,28.5,+409,,,park +6% [low-conf],94F,LvR +8%,heat +4%,-1.7,
2026-07-30,Elly De La Cruz,CIN,,Yohan Ramírez *,1,card,18.9,26.3,+428,,,park +25%,85F · wind out 3,SvR +8%,heat -0%,-3.0,floor
2026-07-30,Brandon Lowe,PIT,,Rhett Lowder,2,proj,18.8,25.9,+431,,,park +25%,85F · wind out 3,LvR +8%,heat +3%,-2.2,floor
2026-07-30,Junior Caminero,TBR,,Cole Winn,3,card,18.7,25.4,+435,,,park -4% [low-conf],dome,RvR -3%,heat +2%,-2.6,floor
2026-07-30,Munetaka Murakami,CHW,,Ryan Weathers,2,card,18.7,25.5,+434,,,park +9%,79F · wind in 5,LvL -22%,heat -0%,-2.6,floor
2026-07-30,Shohei Ohtani,LAD,,Bryan Woo,2,proj,18.7,25.5,+434,,,park +5%,87F · wind out 5,LvR +8%,heat +5%,-2.7,floor
2026-07-30,Sal Stewart,CIN,,Yohan Ramírez *,2,card,18.6,25.2,+437,,,park +25%,85F · wind out 3,RvR -3%,heat -1%,-3.8,floor
2026-07-30,Jac Caglianone,KCR,,Bailey Ober,3,card,18.3,24.2,+446,,,park -2%,89F,LvR +8%,heat +11%,,new
2026-07-30,Wilyer Abreu,BOS,,Mason Barnett,1,proj,18.3,24.1,+446,,,park +6% [low-conf],94F,LvR +8%,,,new
2026-07-30,JJ Bleday,CIN,,Yohan Ramírez *,3,card,18.2,23.7,+450,,,park +25%,85F · wind out 3,LvR +8%,heat +1%,-2.4,floor
2026-07-30,Willson Contreras,BOS,,Mason Barnett,4,proj,18.2,23.7,+449,,,park +6% [low-conf],94F,RvR -3%,,-2.6,floor
2026-07-30,CJ Abrams,WSN,,Grant Holmes,4,card,18.1,23.5,+452,,,park +4%,88F · wind out 7,LvR +8%,heat -3%,-2.4,floor
2026-07-30,Jordan Walker,STL,,Javier Assad,2,card,18.1,23.3,+454,,,park -7%,88F,RvR -3%,heat +4%,-2.2,floor
2026-07-30,Michael Harris II,ATL,,Jake Irvin,4,card,18.1,23.4,+452,,,park +4%,88F · wind out 7,LvR +8%,heat +7%,-2.6,floor
2026-07-30,Pete Crow-Armstrong,CHC,,Andre Pallante,1,card,18.0,23.1,+455,,,park -7%,88F,LvR +8%,heat +7%,-2.4,floor
2026-07-30,Ronald Acuña Jr.,ATL,,Jake Irvin,2,card,17.9,22.7,+459,,,park +4%,88F · wind out 7,RvR -3%,heat +3%,,new
2026-07-30,Rafael Devers,SFG,,JP Sears,1,proj,17.8,22.5,+461,,,park -4%,80F,LvL -22%,heat -1%,,new
2026-07-30,Tyler Soderstrom,ATH,,Sonny Gray,2,proj,17.8,22.4,+462,,,park +6% [low-conf],94F,LvR +8%,heat -0%,-2.1,floor
2026-07-30,Luis García Jr.,WSN,,Grant Holmes,2,card,17.7,22.2,+464,,,park +4%,88F · wind out 7,LvR +8%,heat -6%,-2.7,floor
2026-07-30,Ryan Jeffers,MIN,,Noah Cameron,2,card,17.5,21.8,+470,,,park -2%,89F,RvL +12%,heat +3%,-3.2,floor
2026-07-30,Wyatt Langford,TEX,,Shane McClanahan,1,card,17.5,21.7,+473,,,park -4% [low-conf],dome,RvL +12%,heat -0%,-1.0,
2026-07-30,Miguel Vargas,CHW,,Ryan Weathers,3,card,17.2,21.4,+482,,,park +9%,79F · wind in 5,RvL +12%,heat -0%,-3.6,floor
2026-07-30,Bryan Reynolds,PIT,,Rhett Lowder,1,proj,16.9,21.1,+490,,,park +25%,85F · wind out 3,SvR +8%,heat +1%,,new
2026-07-30,Dominic Canzone,SEA,,Roki Sasaki,6,proj,16.8,20.9,+495,,,park +5%,87F · wind out 5,LvR +8%,heat -3%,-3.8,floor
2026-07-30,Ty France,SDP,,TBD *,4,card,16.6,20.7,+502,,,park -4%,80F,,,,new
2026-07-30,Carter Jensen,KCR,,Bailey Ober,1,card,16.5,20.5,+508,,,park -2%,89F,LvR +8%,heat -0%,,new
2026-07-31,Yordan Alvarez,HOU,,Nathan Eovaldi,2,card,22.0,32.2,+355,,,park +3%,94F (roof: half),LvR +8%,heat +8%,-4.0,floor
2026-07-31,Kyle Schwarber,PHI,,Brandon Young,2,card,21.5,31.5,+365,,,park +4% [low-conf],84F,LvR +8%,heat +2%,-1.2,
2026-07-31,James Wood,WSN,,Bryce Elder,1,card,21.0,30.7,+376,,,park +4%,90F,LvR +8%,heat +4%,-2.0,floor
2026-07-31,Brandon Lowe,PIT,,Hunter Greene,2,card,20.8,30.3,+381,,,park +25%,87F · wind in 4,LvR +8%,heat +11%,0.0,
2026-07-31,Ben Rice,NYY,,Shota Imanaga,2,card,20.1,29.1,+399,,,park avg,73F,LvL -22%,heat +4%,-3.8,floor
2026-07-31,Mickey Moniak,COL,,Michael Wacha,2,card,20.1,29.1,+399,,,park +9%,92F · wind in 5,LvR +8%,heat +6%,-1.9,
2026-07-31,Ronald Acuña Jr.,ATL,,Foster Griffin,1,card,19.4,27.7,+417,,,park +4%,90F,RvL +12%,heat +7%,,new
2026-07-31,Hunter Goodman,COL,,Michael Wacha,3,card,19.3,27.5,+418,,,park +9%,92F · wind in 5,RvR -3%,heat +4%,-3.6,floor
2026-07-31,Nick Kurtz,ATH,,TBD *,1,proj,19.3,27.5,+418,,,park +6% [low-conf],94F,,,-2.0,floor
2026-07-31,Munetaka Murakami,CHW,,Nick Martinez,2,card,19.2,27.2,+421,,,park -4% [low-conf],dome,LvR +8%,heat +7%,-2.1,floor
2026-07-31,Esmerlyn Valdez,PIT,,Hunter Greene,4,card,19.1,26.7,+424,,,park +25%,87F · wind in 4,RvR -3%,heat +3%,-2.3,floor
2026-07-31,Jac Caglianone,KCR,,Tomoyuki Sugano,3,card,19.0,26.4,+427,,,park +9%,92F · wind in 5,LvR +8%,heat -2%,,new
2026-07-31,Luis García Jr.,WSN,,Bryce Elder,2,card,19.0,26.5,+426,,,park +4%,90F,LvR +8%,heat +8%,-0.9,
2026-07-31,Spencer Torkelson,DET,,Jeffrey Springs,3,proj,19.0,26.5,+426,,,park +6% [low-conf],94F,RvL +12%,heat -4%,-2.4,floor
2026-07-31,Paul Goldschmidt,NYY,,Shota Imanaga,1,card,18.9,26.1,+430,,,park avg,73F,RvL +12%,heat -1%,-1.7,
2026-07-31,Dillon Dingler,DET,,Jeffrey Springs,4,proj,18.6,25.2,+437,,,park +6% [low-conf],94F,RvL +12%,heat -2%,-1.6,
2026-07-31,Junior Caminero,TBR,,Erick Fedde,3,card,18.6,25.1,+438,,,park -4% [low-conf],dome,RvR -3%,heat -3%,-2.7,floor
2026-07-31,Drake Baldwin,ATL,,Foster Griffin,2,card,18.5,24.6,+442,,,park +4%,90F,LvL -22%,heat +3%,-2.4,floor
2026-07-31,Matt Olson,ATL,,Foster Griffin,3,card,18.5,24.8,+440,,,park +4%,90F,LvL -22%,heat +2%,-2.1,floor
2026-07-31,Joc Pederson,TEX,,Hunter Brown,1,card,18.4,24.6,+442,,,park +3%,94F (roof: half),LvR +8%,heat +3%,-3.2,floor
2026-07-31,Pete Alonso,BAL,,Andrew Painter,2,card,18.3,24.2,+446,,,park +4% [low-conf],84F,RvR -3%,heat -2%,-2.2,floor
2026-07-31,Elly De La Cruz,CIN,,Paul Skenes,1,card,18.2,23.8,+449,,,park +25%,87F · wind in 4,SvR +8%,heat +2%,-3.3,floor
2026-07-31,CJ Abrams,WSN,,Bryce Elder,4,card,18.1,23.3,+454,,,park +4%,90F,LvR +8%,heat -4%,-2.3,floor
2026-07-31,Jake Bauers,MIL,,Ryan Johnson,3,proj,18.0,22.9,+457,,,park +4%,90F · wind out 7,LvR +8%,heat -3%,,new
2026-07-31,Mike Trout,LAA,,Shane Drohan,2,card,18.0,22.9,+457,,,park +4%,90F · wind out 7,RvL +12%,heat +13%,-2.6,floor
2026-07-31,Pete Crow-Armstrong,CHC,,Will Warren,1,card,18.0,23.0,+456,,,park avg,73F,LvR +8%,heat +3%,-2.2,floor
2026-07-31,Riley Greene,DET,,Jeffrey Springs,2,proj,17.9,22.8,+458,,,park +6% [low-conf],94F,LvL -22%,heat +3%,-0.2,
2026-07-31,Sal Stewart,CIN,,Paul Skenes,2,card,17.9,22.9,+457,,,park +25%,87F · wind in 4,RvR -3%,heat +1%,-4.3,floor
2026-07-31,Bryce Harper,PHI,,Brandon Young,3,card,17.8,22.4,+462,,,park +4% [low-conf],84F,LvR +8%,heat +9%,-3.0,floor
2026-07-31,Carter Jensen,KCR,,Tomoyuki Sugano,1,card,17.5,21.8,+472,,,park +9%,92F · wind in 5,LvR +8%,heat -0%,,new
2026-08-01,Yordan Alvarez,HOU,,Jacob deGrom,2,card,22.1,32.4,+352,255,-21.5,park +3%,92F · wind in 3 (roof: half),LvR +8%,heat +2%,-3.9,floor
2026-08-01,Munetaka Murakami,CHW,,Drew Rasmussen,2,card,21.5,31.4,+366,750,82.5,park -4% [low-conf],dome,LvR +8%,heat +5%,0.4,
2026-08-01,Matt Olson,ATL,,Miles Mikolas,3,card,21.4,31.3,+367,310,-12.1,park +4%,no wx,LvR +8%,heat +1%,0.9,
2026-08-01,Kyle Schwarber,PHI,,Shane Baz,2,card,21.4,31.3,+367,230,-29.4,park +4% [low-conf],87F,LvR +8%,heat +4%,-1.2,
2026-08-01,Joc Pederson,TEX,,Ronel Blanco,1,card,20.8,30.4,+380,350,-6.3,park +3%,92F · wind in 3 (roof: half),LvR +8%,,-0.8,
2026-08-01,Drake Baldwin,ATL,,Miles Mikolas,1,card,19.7,28.6,+408,330,-15.3,park +4%,no wx,LvR +8%,heat +4%,-1.2,
2026-08-01,James Wood,WSN,,Reynaldo López *,1,card,19.3,27.5,+418,295,-23.8,park +4%,no wx,LvR +8%,heat -6%,-3.3,floor
2026-08-01,Junior Caminero,TBR,,Jordan Hicks,3,card,19.1,26.9,+423,700,53.1,park -4% [low-conf],dome,RvR -3%,heat +0%,-2.2,floor
2026-08-01,Sal Stewart,CIN,,Braxton Ashcraft,2,card,19.1,26.8,+424,360,-12.2,park +25%,79F · wind in 8,RvR -3%,heat +2%,-2.5,floor
2026-08-01,Shohei Ohtani,LAD,,Payton Tolle,1,card,19.1,26.9,+423,260,-31.1,park +5%,94F · wind out 5,LvL -22%,heat +6%,-2.1,floor
2026-08-01,Esmerlyn Valdez,PIT,,Andrew Abbott,4,card,18.9,26.0,+430,325,-19.8,park +25%,79F · wind in 8,RvL +12%,heat +2%,-2.3,floor
2026-08-01,Dillon Dingler,DET,,Jack Perkins,4,proj,18.8,25.7,+433,310,-23.0,park +6% [low-conf],97F,RvR -3%,heat -4%,-1.1,
2026-08-01,Ben Rice,NYY,,David Peterson,1,proj,18.7,25.6,+434,600,31.2,park avg,71F · wind in 14,LvL -22%,heat +10%,-4.8,floor
2026-08-01,Hunter Goodman,COL,,Luinder Avila,4,card,18.6,25.1,+437,230,-38.6,park +9%,95F · wind in 5,RvR -3%,heat -1%,-3.5,floor
2026-08-01,Pete Alonso,BAL,,Cristopher Sánchez *,4,card,18.5,24.7,+442,390,-9.5,park +4% [low-conf],87F,RvL +12%,heat -0%,-1.8,
2026-08-01,CJ Abrams,WSN,,Reynaldo López *,4,card,18.5,24.6,+442,390,-9.5,park +4%,no wx,LvR +8%,heat -2%,-1.2,
2026-08-01,Coby Mayo,BAL,,Cristopher Sánchez *,1,card,18.5,24.8,+440,380,-11.1,park +4% [low-conf],87F,RvL +12%,heat +7%,,new
2026-08-01,Carter Jensen,KCR,,Ryan Feltner,1,card,18.5,24.7,+442,300,-26.1,park +9%,95F · wind in 5,LvR +8%,heat +4%,1.9,
2026-08-01,Nick Kurtz,ATH,,Framber Valdez,1,proj,18.4,24.3,+445,350,-17.4,park +6% [low-conf],97F,LvL -22%,heat -1%,-2.7,floor
2026-08-01,Wilyer Abreu,BOS,,Yoshinobu Yamamoto,1,proj,18.3,24.1,+447,425,-4.0,park +5%,94F · wind out 5,LvR +8%,heat +5%,-2.0,floor
2026-08-01,Zach Neto,LAA,,Robert Gasser,1,proj,18.3,24.0,+447,350,-17.8,park +4%,92F · wind out 6,RvL +12%,heat +18%,-2.1,floor
2026-08-01,Christian Encarnacion-Strand,BAL,,Cristopher Sánchez *,6,card,18.2,23.6,+451,575,22.5,park +4% [low-conf],87F,RvL +12%,,,new
2026-08-01,Elly De La Cruz,CIN,,Braxton Ashcraft,1,card,18.2,23.7,+450,375,-13.6,park +25%,79F · wind in 8,SvR +8%,heat +1%,-2.6,floor
2026-08-01,Willson Contreras,BOS,,Yoshinobu Yamamoto,4,proj,18.2,23.9,+448,360,-16.1,park +5%,94F · wind out 5,RvR -3%,heat +8%,-2.4,floor
2026-08-01,Jake Bauers,MIL,,Brent Suter,3,proj,18.2,23.7,+450,,,park +4%,92F · wind out 6,LvL -22%,heat +10%,,new
2026-08-01,Mike Trout,LAA,,Robert Gasser,3,proj,18.1,23.5,+452,360,-16.6,park +4%,92F · wind out 6,RvL +12%,heat +8%,-2.5,floor
2026-08-01,Rafael Devers,SFG,,Walker Buehler,1,proj,18.0,23.2,+454,340,-20.6,park -4%,83F,LvR +8%,heat +3%,,new
2026-08-01,Brandon Lowe,PIT,,Andrew Abbott,2,card,18.0,23.2,+455,340,-20.7,park +25%,79F · wind in 8,LvL -22%,heat +7%,-2.7,floor
2026-08-01,Spencer Torkelson,DET,,Jack Perkins,3,proj,18.0,22.9,+457,300,-28.2,park +6% [low-conf],97F,RvR -3%,heat -4%,-2.9,floor
2026-08-01,Bryce Harper,PHI,,Shane Baz,3,card,17.8,22.3,+463,380,-14.7,park +4% [low-conf],87F,LvR +8%,heat +12%,-2.7,floor
2026-08-01,Colson Montgomery,CHW,,Drew Rasmussen,4,card,17.7,22.1,+464,800,59.5,park -4% [low-conf],dome,LvR +8%,heat +2%,-2.6,floor
2026-08-01,Miguel Vargas,CHW,,Drew Rasmussen,3,card,16.8,20.9,+497,800,50.9,park -4% [low-conf],dome,RvR -3%,heat +2%,-3.6,floor
2026-08-01,Ryan Jeffers,MIN,,Logan Gilbert,2,card,15.6,19.5,+540,850,48.5,park -4%,69F · wind out 4 (roof: half),RvR -3%,heat +2%,-5.0,floor
2026-08-01,Victor Mesa Jr.,TBR,,Jordan Hicks,4,card,11.6,14.6,+762,1300,62.4,park -4% [low-conf],dome,LvR +8%,,,new
2026-08-01,Sam Antonacci,CHW,,Drew Rasmussen,1,card,11.5,14.6,+768,2800,234.0,park -4% [low-conf],dome,LvR +8%,,,new
2026-08-01,Braden Montgomery,CHW,,Drew Rasmussen,6,card,7.9,8.7,+1167,2200,81.5,park -4% [low-conf],dome,SvR +8%,,,new
2026-08-01,Tristan Peters,CHW,,Drew Rasmussen,7,card,7.5,8.2,+1230,2400,87.9,park -4% [low-conf],dome,LvR +8%,,,new
2026-08-01,Chase Meidroth,CHW,,Drew Rasmussen,8,card,6.5,7.1,+1430,2400,63.4,park -4% [low-conf],dome,RvR -3%,,,new
2026-08-02,Matt Olson,ATL,,Cade Cavalli,3,card,21.1,30.4,+374,,,park +4%,88F · wind out 3,LvR +8%,heat +5%,0.6,
2026-08-02,Kyle Schwarber,PHI,,Kyle Bradish,2,card,20.7,29.7,+382,450,14.0,park +4% [low-conf],79F · wind out 3,LvR +8%,heat -4%,-1.2,
2026-08-02,James Wood,WSN,,JR Ritchie,1,card,20.5,29.3,+388,,,park +4%,88F · wind out 3,LvR +8%,heat +3%,-2.1,floor
2026-08-02,Mickey Moniak,COL,,Seth Lugo,2,card,20.1,28.5,+398,,,park +9%,103F,LvR +8%,heat +6%,-1.5,
2026-08-02,Sal Stewart,CIN,,Mitch Keller,2,card,20.0,28.3,+401,,,park +25%,77F · wind out 4,RvR -3%,heat +1%,-1.6,
2026-08-02,Ben Rice,NYY,,Colin Rea,2,card,19.7,27.9,+407,,,park avg,71F · wind in 7,LvR +8%,heat +2%,-3.8,floor
2026-08-02,Drake Baldwin,ATL,,Cade Cavalli,1,card,19.2,27.0,+420,,,park +4%,88F · wind out 3,LvR +8%,heat +5%,-1.4,
2026-08-02,Dillon Dingler,DET,,Gage Jump,2,card,19.0,26.5,+427,650,42.3,park +6% [low-conf],100F,RvL +12%,heat +9%,-0.9,
2026-08-02,Shohei Ohtani,LAD,,Jake Bennett,1,card,18.6,25.8,+438,250,-34.9,park +5%,92F · wind out 5,LvL -22%,heat +10%,-2.3,floor
2026-08-02,Junior Caminero,TBR,,Anthony Kay,3,card,18.6,25.8,+437,,,park -4% [low-conf],dome,RvL +12%,heat +8%,-2.5,floor
2026-08-02,Elly De La Cruz,CIN,,Mitch Keller,1,card,18.4,25.3,+445,,,park +25%,77F · wind out 4,SvR +8%,heat +8%,-2.4,floor
2026-08-02,Willson Contreras,BOS,,Emmet Sheehan,4,card,18.2,25.0,+450,400,-9.1,park +5%,92F · wind out 5,RvR -3%,heat -7%,-2.2,floor
2026-08-02,Esmerlyn Valdez,PIT,,Chase Burns,4,card,18.2,25.0,+450,,,park +25%,77F · wind out 4,RvR -3%,heat -1%,-2.7,floor
2026-08-02,JJ Bleday,CIN,,Mitch Keller,3,card,17.4,23.5,+476,,,park +25%,77F · wind out 4,LvR +8%,heat +5%,-3.2,floor
2026-08-02,Pete Alonso,BAL,,Zack Wheeler,2,card,17.3,23.3,+478,575,16.7,park +4% [low-conf],79F · wind out 3,RvR -3%,heat -4%,-2.7,floor
2026-08-02,Jordan Walker,STL,,Max Scherzer,2,card,17.2,23.1,+482,,,park +3% [low-conf],71F (roof: half),RvR -3%,,-3.1,floor
2026-08-02,Tyler Soderstrom,ATH,,Keider Montero,2,card,17.0,22.8,+488,575,14.9,park +6% [low-conf],100F,LvR +8%,heat +8%,-2.4,floor
2026-08-02,CJ Abrams,WSN,,JR Ritchie,4,card,17.0,22.7,+490,,,park +4%,88F · wind out 3,LvR +8%,heat -3%,-2.8,floor
2026-08-02,Justin Foscue,TEX,,Peter Lambert,1,card,17.0,22.9,+487,,,park +3%,96F (roof: half),RvR -3%,heat -0%,,new
2026-08-02,Kazuma Okamoto,TOR,,Matthew Liberatore,3,card,16.8,22.4,+495,,,park +3% [low-conf],71F (roof: half),RvL +12%,heat +6%,-1.8,
2026-08-02,Pete Crow-Armstrong,CHC,,Gerrit Cole,1,card,16.8,22.4,+496,,,park avg,71F · wind in 7,LvR +8%,heat +6%,-3.1,floor
2026-08-02,Jake Bauers,MIL,,Walbert Ureña *,5,card,16.6,22.1,+503,,,park +4%,88F · wind out 6,LvR +8%,heat -9%,-1.6,
2026-08-02,Colson Montgomery,CHW,,Griffin Jax,4,card,16.5,21.9,+505,,,park -4% [low-conf],dome,LvR +8%,heat -4%,-3.7,floor
2026-08-02,Dominic Canzone,SEA,,Taj Bradley,3,card,16.3,21.6,+512,850,55.3,park -4%,66F (roof: half),LvR +8%,heat +6%,-4.3,floor
2026-08-02,Christian Encarnacion-Strand,BAL,,Zack Wheeler,6,card,16.2,21.3,+518,900,61.8,park +4% [low-conf],79F · wind out 3,RvR -3%,,,new
2026-08-02,Jac Caglianone,KCR,,Kyle Freeland,3,card,16.2,21.3,+518,,,park +9%,103F,LvL -22%,heat +18%,,new
2026-08-02,Bryce Harper,PHI,,Kyle Bradish,3,card,16.1,21.1,+523,,,park +4% [low-conf],79F · wind out 3,LvR +8%,heat +1%,-3.7,floor
2026-08-02,Mike Trout,LAA,,Jacob Misiorowski,2,card,16.1,21.1,+521,,,park +4%,88F · wind out 6,RvR -3%,heat -6%,-4.1,floor
2026-08-02,Ronald Acuña Jr.,ATL,,Cade Cavalli,2,card,16.0,21.0,+524,,,park +4%,88F · wind out 3,RvR -3%,heat +5%,,new
2026-08-02,Michael Harris II,ATL,,Cade Cavalli,4,card,15.9,20.8,+528,,,park +4%,88F · wind out 3,LvR +8%,heat +3%,-4.3,floor
2026-08-02,Corbin Carroll,ARI,,Gavin Williams,1,card,15.3,19.7,+554,1900,206.0,park -3%,74F · wind in 3,LvR +8%,heat +8%,-3.8,floor
2026-08-02,Brandon Marsh,PHI,,Kyle Bradish,5,card,12.7,15.3,+686,1900,154.5,park +4% [low-conf],79F · wind out 3,LvR +8%,,-7.2,floor
2026-08-02,Gabriel Moreno,ARI,,Gavin Williams,3,card,9.8,12.3,+917,4000,303.0,park -3%,74F · wind in 3,RvR -3%,,,new
2026-08-02,Nolan Arenado,ARI,,Gavin Williams,6,card,9.8,12.3,+916,2400,146.0,park -3%,74F · wind in 3,RvR -3%,,,new
2026-08-02,Geraldo Perdomo,ARI,,Gavin Williams,2,card,9.4,11.0,+961,4000,286.3,park -3%,74F · wind in 3,SvR +8%,,,new
2026-08-02,Tim Tawa,ARI,,Gavin Williams,7,card,8.5,9.7,+1073,2400,113.0,park -3%,74F · wind in 3,RvR -3%,,,new
2026-08-02,Petey Halpin,CLE,,Merrill Kelly,9,card,7.2,7.5,+1298,2800,107.4,park -3%,74F · wind in 3,LvR +8%,,,new
2026-08-02,Tyler Locklear,ARI,,Gavin Williams,9,card,7.1,7.3,+1301,2900,114.1,park -3%,74F · wind in 3,RvR -3%,,,new
2026-08-02,Ildemaro Vargas,ARI,,Gavin Williams,8,card,6.9,6.9,+1351,3300,134.4,park -3%,74F · wind in 3,SvR +8%,,,new
2026-08-02,Steven Kwan,CLE,,Merrill Kelly,1,card,6.0,5.6,+1554,3400,111.6,park -3%,74F · wind in 3,LvR +8%,,,new
2026-08-03,Hunter Goodman,COL,824324,Ian Seymour,2,proj,22.5,33.0,+345,270,-16.8,park +9%,102F · wind in 4,RvL +12%,heat +11%,0.9,
2026-08-03,Yordan Alvarez,HOU,824160,Shane Bieber,1,proj,22.4,32.8,+347,260,-19.4,park +3%,96F (roof: half),LvR +8%,heat -5%,-3.6,floor
2026-08-03,Junior Caminero,TBR,824324,Michael Lorenzen,1,proj,21.6,31.3,+363,275,-19.1,park +9%,102F · wind in 4,RvR -3%,heat -2%,1.5,
2026-08-03,James Wood,WSN,823431,Aaron Nola,1,proj,21.4,30.9,+368,255,-24.2,park +9%,84F,LvR +8%,heat -7%,-0.4,
2026-08-03,Ben Rice,NYY,823520,Michael McGreevy,2,card,20.8,29.8,+382,290,-19.1,park +14%,80F · wind out 5,LvR +8%,heat +2%,-1.2,
2026-08-03,CJ Abrams,WSN,823431,Aaron Nola,2,proj,19.5,27.4,+413,330,-16.2,park +9%,84F,LvR +8%,heat -2%,0.7,
2026-08-03,Kyle Schwarber,PHI,823431,Andrew Alvarez,2,card,19.5,27.4,+414,205,-40.7,park +9%,84F,LvL -22%,heat +4%,-2.4,floor
2026-08-03,Rafael Devers,SFG,822867,Cal Quantrill,1,proj,18.6,25.8,+438,380,-10.8,park +2%,100F (roof: half),LvR +8%,heat -3%,0.6,
2026-08-03,Shohei Ohtani,LAD,824647,Matthew Boyd,1,card,17.9,24.4,+460,320,-24.9,park avg,75F · wind in 5,LvL -22%,heat +11%,-2.8,floor
2026-08-03,Kazuma Okamoto,TOR,824160,Cristian Javier,2,proj,17.6,24.0,+467,380,-15.3,park +3%,96F (roof: half),RvR -3%,heat -4%,-0.1,
2026-08-03,Joc Pederson,TEX,822867,Logan Webb,1,card,17.3,23.3,+479,350,-22.3,park +2%,100F (roof: half),LvR +8%,heat -2%,-4.3,floor
2026-08-03,Brandon Lowe,PIT,823757,Brandon Sproat,2,proj,17.1,23.1,+483,360,-21.2,park +9%,76F · wind in 5 (roof: half),LvR +8%,heat +3%,-3.6,floor
2026-08-03,Manny Machado,SDP,825095,Brandon Pfaadt,2,proj,17.0,22.8,+489,410,-13.4,park +4%,112F (roof: half),RvR -3%,heat +1%,,new
2026-08-03,Ketel Marte,ARI,825095,Michael King,1,proj,16.5,21.9,+505,360,-24.0,park +4%,112F (roof: half),SvR +8%,heat -1%,-4.0,floor
2026-08-03,Jordan Walker,STL,823520,Cam Schlittler,2,card,16.1,21.2,+520,410,-17.7,park +14%,80F · wind out 5,RvR -3%,heat +10%,-4.2,floor
2026-08-03,Luis García Jr.,NYY,823520,Michael McGreevy,3,card,16.0,20.9,+525,,,park +14%,80F · wind out 5,LvR +8%,heat +3%,-3.5,floor
2026-08-03,Willy Adames,SFG,822867,Cal Quantrill,2,proj,15.8,20.5,+535,440,-14.9,park +2%,100F (roof: half),RvR -3%,heat +4%,,new
2026-08-03,Christian Walker,HOU,824160,Shane Bieber,3,proj,15.7,20.4,+537,360,-27.8,park +3%,96F (roof: half),RvR -3%,heat -7%,-4.4,floor
2026-08-03,Spencer Jones,NYY,823520,Michael McGreevy,4,card,15.7,20.3,+538,400,-21.6,park +14%,80F · wind out 5,LvR +8%,heat -2%,,new
2026-08-03,Bryce Harper,PHI,823431,Andrew Alvarez,3,card,15.4,19.8,+551,295,-39.3,park +9%,84F,LvL -22%,heat +6%,-3.9,floor
2026-08-03,Trent Grisham,NYY,823520,Michael McGreevy,1,card,15.4,19.9,+548,340,-32.1,park +14%,80F · wind out 5,LvR +8%,heat -9%,-5.3,floor
2026-08-03,JJ Wetherholt,STL,823520,Cam Schlittler,1,card,15.3,19.7,+553,525,-4.3,park +14%,80F · wind out 5,LvR +8%,heat +11%,,new
2026-08-03,Jonathan Aranda,TBR,824324,Michael Lorenzen,2,proj,15.0,19.1,+567,420,-22.0,park +9%,102F · wind in 4,LvR +8%,heat +8%,,new
2026-08-03,Bryce Eldridge,SFG,822867,Cal Quantrill,5,proj,14.7,18.5,+581,370,-31.0,park +2%,100F (roof: half),LvR +8%,heat -1%,,new
2026-08-03,Corbin Carroll,ARI,825095,Michael King,2,proj,14.7,18.6,+579,325,-37.4,park +4%,112F (roof: half),LvR +8%,heat -4%,-3.4,floor
2026-08-03,Eliezer Alfonzo,LAD,824647,Matthew Boyd,9,card,14.7,18.5,+580,800,32.3,park avg,75F · wind in 5,SvL +12%,,,new
2026-08-03,Jackson Chourio,MIL,823757,Bubba Chandler,2,card,14.7,18.6,+579,480,-14.5,park +9%,76F · wind in 5 (roof: half),RvR -3%,heat +2%,-4.6,floor
2026-08-03,Trea Turner,PHI,823431,Andrew Alvarez,1,card,14.7,18.5,+581,425,-22.9,park +9%,84F,RvL +12%,heat -0%,-4.0,floor
2026-08-03,Wyatt Langford,TEX,822867,Logan Webb,2,card,14.7,18.5,+581,380,-29.6,park +2%,100F (roof: half),RvR -3%,heat -6%,-3.8,floor
2026-08-03,Andy Pages,LAD,824647,Matthew Boyd,2,card,14.5,18.3,+587,475,-16.3,park avg,75F · wind in 5,RvL +12%,heat -3%,,new
